ID;E;H
0;=MSW2-X19;=EP+HTCP-X10:A
1;=BSSR1-S01-SFP10;=EP+HTCP-X1:B
2;=BSFR+SUB RACK-A7;=CT+HPDLMC-IF7.X1
3;=SLRC-A1;=EP.CT+HPDLMC-IF1.X8
4;=SLRC-A2;=EP.CT+HPDLMC-IF1.X9
5;=SLRC-A3;=EP.CT+HPDLMC-IF1.X2
6;=SLRC-B1;=TSNI+CH.K-X67
7;=SLRC-B2;=TSNI+CH.K-X68
8;=SLRC-C1;=IF.PM+CH.A-X4
9;=SLRC-C3;=CT+HPDLMC-IF6.X3
10;=SLRC-D2;=PA0+60-X55
11;=SLRC-D3;=PA1+60-X55
12;=SLRC-E1;=PA2+60-X55
13;=SLRC-E2;=PA3+60-X55
14;=SLRC-F1;=IF+CH.K-X7
15;=SLRC-F2;=IF+CH.E-X10
16;=SLRC-H3;=EP+HTCP-X1:A
17;=SLRC-PE1;=EP+HPDLMC-IF5.X4
18;=SLRC-D4;=CT.IF+CH.D1-X1
19;=SLRC-D4;=CT.IF+CH.D1-X2
20;=SLRC-D4;=CT.IF+CH.D1-X3
21;=SLRC-D4;=CT.IF+CH.D1-X4
22;=SLRC-A5;=IF.M1C+ST.IF2-X34
23;=SLRC-A5;=IF.M1C+ST.IF2-X35
24;=SLRC-A5;=IF.M1F+ST.IF2-X40
25;=SLRC-A5;=IF.M1F+ST.IF2-X41
26;=SLRC-A5;=IF.M3+ST.IF3-X82
27;=SLRC-A5;=IF.M3+ST.IF3-X83
28;=SLRC-A6;=IF.M3+ST.IF3-X84
29;=SLRC-A6;=IF.M3+ST.IF3-X85
30;=SLRC-A6;=IF.SIM+ST.IF2-X47
31;=SLRC-A6;=IF.SIM+ST.IF2-X76
32;=SLRC-A6;=IF.SIM+ST.IF3-X86
33;=SLRC-A6;=IF.SIM+ST.IF3-X87
34;=SLRC-D6;=CT+CH.E-X4
35;=SLRC-D6;=IF.PM+CH.E-X8
36;=SLRC-D6;=IF.PM+CH.E-X9
37;=SLRC-D6;=ASP+CH.E-X2
38;=SLRC-D5;=CT.IF+CH.K-X4
39;=SLRC-D5;=IF.PM+CH.K-X5
40;=SLRC-D5;=IF.PM+CH.K-X6
41;=SLRC-D5;=ASP+CH.K-X2
42;=SLRC-D5;=TSNI+CH.K-X30
43;=SLRC-D5;=TSNI+CH.K-X40
44;=SLRC-A4;=CT+HPDLMC-IF6.X6
45;=SLRC-A4;=SY.EMO+HPDLMC-IF4.X4
46;=SLRC-A4;=SY.EMO+HPDLMC-IF6.X9
47;=ASML+CH.WLSU-A1;=WLCB+CH.PA0-X1
48;=ASML+CH.WLSU-A2;=WLCB+CH.PA1-X1
49;=ASML+CH.WLSU-A3;=WLCB+CH.PA3-X1
50;=ASML+CH.WLSU-A4;=WLCB+RF00-X1
51;=ASML+CH.WLSU-A5;=WLCB+RF31-X1
52;=ASML+CH.WLSU-A6;=WLCB+RF32-X1
53;=ASML+CH.WLSU-B1;=WLCB+CH.PA2-X1
54;=ASML+CH.WLSU-B2;=WLCB+CH.PREA-X1
55;=ASML+CH.WLSU-B3;=WLCB+TRUC-X1
56;=ASML+CH.WLSU-B4;=WLCB+RF01-X1
57;=ASML+CH.WLSU-B5;=WLCB+RF21-X1
58;=ASML+CH.WLSU-B6;=WLCB+RF22-X1
59;=ASML+CH.WLSU-B8;=EP.CT+HPDLMC-IF2.X1
60;=WLCB+CH.PA0-X1;=ASML+CH.WLSU-A1
61;=WLCB+CH.PA1-X1;=ASML+CH.WLSU-A2
62;=WLCB+CH.PA2-X1;=ASML+CH.WLSU-B1
63;=WLCB+CH.PA3-X1;=ASML+CH.WLSU-A3
64;=WLCB+CH.PREA-X1;=ASML+CH.WLSU-B2
65;=WLCB+RF00-X1;=ASML+CH.WLSU-A4
66;=WLCB+RF01-X1;=ASML+CH.WLSU-B4
67;=WLCB+RF21-X1;=ASML+CH.WLSU-B5
68;=WLCB+RF22-X1;=ASML+CH.WLSU-B6
69;=WLCB+RF31-X1;=ASML+CH.WLSU-A5
70;=WLCB+RF32-X1;=ASML+CH.WLSU-A6
71;=WLCB+TRUC-X1;=ASML+CH.WLSU-B3
72;=CT.PN+CH.A21-X20;=CT.PN+SFR.PA0-X20.1A
73;=CT.PN+CH.A21-X30;=MD.PN+SFR.PA0-B1
74;=CT.PN+CH.A21-X40;=CT.PN+SFR.PA0-X30.1:IN
75;=CT.PN+CH.A21-X50;=CT+CH.EP20-T1:X8
76;=CT.PN+CH.DO35-A21:X1;=EP+CH.E-X7
77;=CT.PN+SFR.PA0-X20.1A;=CT.PN+CH.A21-X20
78;=CT.PN+SFR.PA0-X20.1B;=MD.PN+SFR.PA2-K3:X1
79;=CT.PN+SFR.PA0-X20.2B;=MD.PN+SFR.PA0-K2:X1
80;=CT.PN+SFR.PA0-X20.3B;=MD.PN+SFR.PA1-K1:X1
81;=CT.PN+SFR.PA0-X30.1:1;=MD.PN+SFR.PA0-K10
82;=CT.PN+SFR.PA0-X30.1:IN;=CT.PN+CH.A21-X40
83;=EF.PN+SFR.PA0-B3;=MD.PN+SFR.PA0-K2:X2
84;=EF.PN+SFR.PA1-B2;=MD.PN+SFR.PA1-K1:X2
85;=EF.PN+SFR.PA2-B4;=MD.PN+SFR.PA2-K3:X2
86;=MD.PN+SFR.PA0-B1;=CT.PN+CH.A21-X30
87;=MD.PN+SFR.PA0-K10;=CT.PN+SFR.PA0-X30.1:1
88;=MD.PN+SFR.PA0-K2:X1;=CT.PN+SFR.PA0-X20.2B
89;=MD.PN+SFR.PA0-K2:X2;=EF.PN+SFR.PA0-B3
90;=MD.PN+SFR.PA1-K1:X1;=CT.PN+SFR.PA0-X20.3B
91;=MD.PN+SFR.PA1-K1:X2;=EF.PN+SFR.PA1-B2
92;=MD.PN+SFR.PA2-K3:X1;=CT.PN+SFR.PA0-X20.1B
93;=MD.PN+SFR.PA2-K3:X2;=EF.PN+SFR.PA2-B4
94;=PE+SFR.PA0-X0.15;=PE+CH.FR0-X0.42
95;=PE+SFR.PA0-X0.6;=PE+CH.FR0-X0.41
96;=PE+SFR.PA1-X1.2;=PE+CH.FR1-X1.31
97;=PE+SFR.PA2-X2.2;=PE+CH.FR2-X2.34
98;=PE+CH.A1-X1;=PE+CH.FR1-X1.9
99;=SY+CH.A1-X1;=SY+CH.RP11-B1
100;=SY+CH.A1-X13;=SY+CH.FR3-LT5.X5
101;=SY+CH.A1-X2;=SY+CH.RP02-B2
102;=SY+CH.A1-X21;=EP.CT+CH.B-X2
103;=SY+CH.A1-X22;=CT+CH.EP3-T:X2
104;=SY+CH.A1-X24;=CT+IF.DLBB-X3
105;=SY+CH.A1-X3;=SY+CH.RP07-B3
106;=SY+CH.A1-X4;=SY+CH.RP04-B4
107;=SY+CH.A1-X5;=SY+CH.RP01-LT1
108;=SY+CH.A1-X6;=SY+CH.C-X2
109;=SY+CH.A1-X7;=SY+CH.F-X2
110;=SY+CH.A1-X8;=SY+CH.RP09-LT4
111;=EP.EC+CH.DO32-A3:X1;=IF.PM+CH.E-X8
112;=EP.EC+CH.DO32-A3:X2;=IF.PM+CH.PA0-CAM1.X2
113;=EP.EC+CH.DO32-A3:X3;=IF.PM+CH.PA0-CAM1.X1
114;=EP.EC+CH.DO32-A3:X4;=IF.PM+CH.E-X9
115;=EP.EC+CH.DO32-A3:X5;=IF.PM+CH.PA3-CAM2.X2
116;=EP.EC+CH.DO32-A3:X6;=IF.PM+CH.PA3-CAM2.X1
117;=CT+CH.A-X5;=CT+IF.DLBB-X4
118;=CT+CH.A-X5;=CT+PBT.EP6-X1
119;=EP.CT+CH.A-X2;=EP.CT+IF.DLBB-X1
120;=EP.CT+CH.A-X3;=EP.CT+IF.DLBB-X2
121;=EP+CH.A-X1;=PA1+19-X5
122;=EP+CH.A-X1;=PA1+19-X5.2
123;=IF.PM+CH.A-X4;=SLRC-C1
124;=IF.PM+CH.A-X4;=LF.PM+CH.PA1-X1
125;=PA1+19-X1;=PA1+5-X1
126;=PE+CH.A-A4;=PE+CH.RP10-PE_3
127;=PE+CH.A-X1;=PE+CH.RP02-X1
128;=PE+CH.A-X2;=EP+TRUC-IF1.X11
129;=PE+CH.A-X2;+HPSM-cover_HPSM
130;=PE+CH.A-X3;=PE+BTS.FR-X7
131;=PE+CH.A-X3;=PE+PBT.EP6-X4
132;=EP.CT+CH.A-X2;=EP.CT+HPDLMC-IF3.X6
133;=EP.CT+CH.A-X3;=EP.CT+HPDLMC-IF3.X6
134;=CT+CH.B-X3;=CT+HPDLMC-IF6.X16
135;=CT+CH.B-X3;=UI+CH.FR1-A1
136;=CT+CH.B-X4;=CT+HPDLMC-IF6.X17
137;=CT+CH.B-X4;=UI+CH.FR1-A2
138;=CT+CH.B-X5;=CT+IF.DLBB-X6
139;=EP.CT+CH.B-X2;=EP.CT+HPDLMC-IF4.X5
140;=EP.CT+CH.B-X2;=SY+CH.A1-X21
141;=EP+CH.B-X1;=PA0+19-X5
142;=EP+CH.B-X1;=PA0+19-X5.2
143;=PA0+19-X1;=PA0+5-X1
144;=PA1+19-X19.2;=PA1+19-X19.1
145;=PA1+19-X19.2;=PA1+19-Z1:X1
146;=PE+CH.B-A4;=PE+CH.RP10-PE_4
147;=PE+CH.B-X1;=PE+CH.RP01-X1
148;=PE+CH.B-X2;=PA1+1-XPE1
149;=PE+CH.B-X2;=PE+SFR.PA1-X1.1
150;=CH11+CH.C-X01;=PA1+RF11-X101
151;=CH11+CH.C-X02;=PA1+RF11-X102
152;=CH11+CH.C-X03;=PA1+RF11-X103
153;=CH11+CH.C-X03;=PA1+19-MB3
154;=CH11+CH.C-X04;=PA1+RF11-X104
155;=CH11+CH.C-X05;=PA1+RF11-X105
156;=CH11+CH.C-X06;=PA1+RF11-X106
157;=CH11+CH.C-X07;=PA1+RF11-X107
158;=CH11+CH.C-X08;=PA1+RF11-X108
159;=CH11+CH.C-X09;=PA1+RF11-X109
160;=CH11+CH.C-X1;=PA1+19-MB1
161;=CH11+CH.C-X10;=PA1+RF11-X110
162;=CH11+CH.C-X10;=PA1+19-MB10
163;=CH11+CH.C-X11;=PA1+RF11-X111
164;=CH11+CH.C-X11;=PA1+19-MB11
165;=CH11+CH.C-X12;=PA1+RF11-X112
166;=CH11+CH.C-X12;=PA1+19-MB12
167;=CH11+CH.C-X13;=PA1+RF11-X113
168;=CH11+CH.C-X13;=PA1+19-MB13
169;=CH11+CH.C-X14;=PA1+RF11-X114
170;=CH11+CH.C-X14;=PA1+19-MB14
171;=CH11+CH.C-X15;=PA1+RF11-X115
172;=CH11+CH.C-X15;=PA1+19-MB15
173;=CH11+CH.C-X16;=PA1+RF11-X116
174;=CH11+CH.C-X16;=PA1+19-MB16
175;=CH11+CH.C-X2;=PA1+19-MB2
176;=CH11+CH.C-X4;=PA1+19-MB4
177;=CH11+CH.C-X5;=PA1+19-MB5
178;=CH11+CH.C-X6;=PA1+19-MB6
179;=CH11+CH.C-X7;=PA1+19-MB7
180;=CH11+CH.C-X8;=PA1+19-MB8
181;=CH11+CH.C-X9;=PA1+19-MB9
182;=PE+CH.C-X1;=PE+CH.RP01-X2
183;=PE+CH.C-X2;=PE+CH.C-X3
184;=PE+CH.C-X3;=PE+CH.C-X2
185;=SY+CH.C-LT2;=SY+CH.C-X2
186;=SY+CH.C-X1;=CT+CH.EP1-K12:IN0/IN1
187;=SY+CH.C-X2;=SY+CH.C-LT2
188;=SY+CH.C-X2;=SY+CH.A1-X6
189;=CT.IF+CH.D1-X1;=LF.PM+BG.PA0-T200:X1
190;=CT.IF+CH.D1-X2;=LF.PM+BG.PA3-T206:X1
191;=CT.IF+CH.D1-X3;=LF.PM+BG.PA3-T208:X1
192;=CT.IF+CH.D1-X4;=LF.PM+BG.PA1-T202:X1
193;=PE+CH.D1-X1;=PE+CH.RP10-X1
194;=PE+CH.D1-X2;=EP+HPDLMC-IF5.X5
195;=PE+CH.D1-X2;=PE+CH.RP10-PE_1
196;=CT.IF+CH.D1-X1;=SLRC-D4
197;=CT.IF+CH.D1-X2;=SLRC-D4
198;=CT.IF+CH.D1-X3;=SLRC-D4
199;=CT.IF+CH.D1-X4;=SLRC-D4
200;=EP.CT+CH.D-X1;=CT+CH.EP3-T1:24V_IN
201;=EP.CT+CH.D-X2;=CT+CH.EP3.7-T1:24V/DC_IN
202;=EP.CT+CH.D-X3;=CT+CH.EP3.5-T1:24V_IN
203;=PA3+19-X19.2;=PA3+19-X19.1
204;=PA3+19-X19.2;=PA3+19-Z1:X1
205;=PE+CH.D-X1;=PE+CH.RP03-X1
206;=PE+CH.D-X2;=PA3+1-XPE1
207;=PE+CH.D-X2;=PE+BTS.FR-X2
208;=EP.CT+CH.D-X1;=EP.CT+HPDLMC-IF4.X1
209;=EP.CT+CH.D-X2;=EP.CT+HPDLMC-IF4.X1
210;=EP.CT+CH.D-X3;=EP.CT+HPDLMC-IF4.X1
211;=CT+CH.E-X2;=IF+SLEC-F1
212;=CT+CH.E-X2;=CT+HPDLMC-IF6.X5
213;=CT+CH.E-X4;=IF+SLEC-F3
214;=CT+CH.E-X11;=CT+HPDLMC-IF6.X18
215;=CT+CH.E-X11;=CT+CH.EP10-T1:Data_IN
216;=EP.CT+CH.E-X1;=CT+CH.EP1-T1:24V/DC_IN
217;=EP.CT+CH.E-X5;=CT+CH.EP10-T1:24V_IN
218;=EP.CT+HPDLMC-IF1.X4;=IF+SLEC-D1
219;=EP.SL+HPDLMC-IF1.X6;=IF+SLEC-D3
220;=EP+CH.E-X3;=CT+CH.EP1-K13:24V/DC_IN
221;=EP+CH.E-X6;=CT+CH.EP10-K3:24V_IN
222;=EP+CH.E-X7;=CT.PN+CH.DO35-A21:X1
223;=EP+CH.E-X7;=EF+HPDLMC-IF3.X9
224;=IF.PM+CH.E-X8;=EP.EC+CH.DO32-A3:X1
225;=IF.PM+CH.E-X9;=EP.EC+CH.DO32-A3:X4
226;=IF+CH.E-X10;=IF+SLEC-B1
227;=IF+CH.E-X10;=SLRC-F2
228;=PA0+19-X19.2;=PA0+19-X19.1
229;=PA0+19-X19.2;=PA0+19-Z1:X1
230;=PE+CH.E-A4;=PE+CH.RP10-PE_2
231;=PE+CH.E-X1;=PE+CH.RP12-X1
232;=PE+CH.E-X2;=IF+SLEC-PE1
233;=PE+CH.E-X2;=EP+HPDLMC-IF5.X1
234;=PE+CH.E-X3;=PA0+1-XPE1
235;=PE+CH.E-X3;=PE+SFR.PA0-X0.1
236;=CT+CH.E-X4;=SLRC-D6
237;=IF.PM+CH.E-X8;=SLRC-D6
238;=IF.PM+CH.E-X9;=SLRC-D6
239;=EP.CT+CH.E-X1;=EP.CT+HPDLMC-IF4.X2
240;=EP.CT+CH.E-X5;=EP.CT+HPDLMC-IF4.X2
241;=EP+CH.E-X3;=EP.CT+HPDLMC-IF4.X2
242;=EP+CH.E-X6;=EP.CT+HPDLMC-IF4.X2
243;=CH01+CH.F-X01;=PA0+RF01-X101
244;=CH01+CH.F-X02;=PA0+RF01-X102
245;=CH01+CH.F-X03;=PA0+RF01-X103
246;=CH01+CH.F-X04;=PA0+RF01-X104
247;=CH01+CH.F-X05;=PA0+RF01-X105
248;=CH01+CH.F-X06;=PA0+RF01-X106
249;=CH01+CH.F-X07;=PA0+RF01-X107
250;=CH01+CH.F-X08;=PA0+RF01-X108
251;=CH01+CH.F-X09;=PA0+RF01-X109
252;=CH01+CH.F-X1;=PA0+19-MB1
253;=CH01+CH.F-X10;=PA0+RF01-X110
254;=CH01+CH.F-X10;=PA0+19-MB10
255;=CH01+CH.F-X11;=PA0+RF01-X111
256;=CH01+CH.F-X11;=PA0+19-MB11
257;=CH01+CH.F-X12;=PA0+RF01-X112
258;=CH01+CH.F-X12;=PA0+19-MB12
259;=CH01+CH.F-X13;=PA0+RF01-X113
260;=CH01+CH.F-X13;=PA0+19-MB13
261;=CH01+CH.F-X14;=PA0+RF01-X114
262;=CH01+CH.F-X14;=PA0+19-MB14
263;=CH01+CH.F-X15;=PA0+RF01-X115
264;=CH01+CH.F-X15;=PA0+19-MB15
265;=CH01+CH.F-X16;=PA0+RF01-X116
266;=CH01+CH.F-X16;=PA0+19-MB16
267;=CH01+CH.F-X2;=PA0+19-MB2
268;=CH01+CH.F-X3;=PA0+19-MB3
269;=CH01+CH.F-X4;=PA0+19-MB4
270;=CH01+CH.F-X5;=PA0+19-MB5
271;=CH01+CH.F-X6;=PA0+19-MB6
272;=CH01+CH.F-X7;=PA0+19-MB7
273;=CH01+CH.F-X8;=PA0+19-MB8
274;=CH01+CH.F-X9;=PA0+19-MB9
275;=PE+CH.F-X1;=PE+CH.RP12-X2
276;=PE+CH.F-X2;=PE+CH.F-X3
277;=PE+CH.F-X3;=PE+CH.F-X2
278;=SY+CH.F-LT3;=SY+CH.F-X2
279;=SY+CH.F-X1;=CT+CH.EP1-K4:IN6/IN7
280;=SY+CH.F-X2;=SY+CH.F-LT3
281;=SY+CH.F-X2;=SY+CH.A1-X7
282;+RF31-X101;+PA3-MB1
283;+RF31-X102;+PA3-MB2
284;+RF32-X101;+PA3-MB3
285;+RF32-X102;+PA3-MB4
286;=PE+CH.G-X1;=PE+CH.RP07-X1
287;=RF+CB-Q1:X3;=RF+LR-Q1:X3
288;=CT+CH.H-X1;=SY.EMO+HPDLMC-IF6.X8
289;=CT+CH.H-X1;=SY.EMO+CH.EP2.1-T1:Data_IN
290;=EP.CT+CH.H-X2;=SY.EMO+CH.EP2.1-T1:24V_IN
291;=EP.CT+CH.H-X3;=CT+CH.EP2.5-T1:24V_IN
292;=EP.CT+CH.H-X4;=CT+CH.EP2-T1:24V_IN
293;=EP+CH.H-X5;=CT+CH.EP2-K10
294;=PE+CH.H-X1;=PE+CH.RP07-X2
295;=EP.CT+CH.H-X2;=EP.CT+HPDLMC-IF4.X3
296;=EP.CT+CH.H-X3;=EP.CT+HPDLMC-IF4.X3
297;=EP.CT+CH.H-X4;=EP.CT+HPDLMC-IF4.X3
298;=EP+CH.H-X5;=EP.CT+HPDLMC-IF4.X3
299;=EP+CH.I-X1;=PA3+19-X5
300;=EP+CH.I-X1;=PA3+19-X5.2
301;=PA2+19-X19.2;=PA2+19-X19.1
302;=PA2+19-X19.2;=PA2+19-Z1:X1
303;=PA3+19-X1;=PA3+5-X1
304;=PE+CH.I-A4;=PE+CH.RP10-PE_5
305;=PE+CH.I-X1;=PE+CH.RP09-X1
306;=PE+CH.I-X2;=PA2+1-XPE1
307;=PE+CH.I-X2;=PE+SFR.PA2-X2.1
308;+RF21-X101;+PA2-MB1
309;+RF21-X102;+PA2-MB2
310;+RF22-X101;+PA2-MB3
311;+RF22-X102;+PA2-MB4
312;=PE+CH.J-X1;=PE+CH.RP09-X2
313;=CT.IF+CH.K-X4;=LF.PM+BG.PA2-T204:X1
314;=CT+CH.K-X3;=MD+TRUC-IF1.X10
315;=CT+CH.K-X3;=IF.M2+ST.IF2-X44
316;=EP+CH.K-X1;=PA2+19-X5
317;=EP+CH.K-X1;=PA2+19-X5.2
318;=IF.PM+CH.K-X5;=LF.PM+CH.PA2-X2
319;=IF.PM+CH.K-X6;=LF.PM+CH.PA3-X3
320;=IF+CH.K-X7;=SLRC-F1
321;=MD+CH.K-X2;=MD+TRUC-IF1.X2
322;=MD+CH.K-X2;=IF.M2+ST.IF2-X43
323;=PA2+19-X1;=PA2+5-X1
324;=PE+CH.K-X1;=PE+CH.RP09-X3
325;=CT.IF+CH.K-X4;=SLRC-D5
326;=IF.PM+CH.K-X5;=SLRC-D5
327;=IF.PM+CH.K-X6;=SLRC-D5
328;=IF+CH.K-X7;=IF.M1C+ST.IF2-X33
329;=IF+CH.K-X7;=IF.M1F+ST.IF2-X39
330;=IF.M1C+CH.L-X45;=IF.M1C+ST.IF2-X45
331;=IF.M1C+CH.L-X46;=IF.M1C+ST.IF2-X46
332;=IF.M1F+CH.L-X57;=IF.M1F+ST.IF2-X57
333;=IF.M1F+CH.L-X60;=IF.M1F+ST.IF2-X60
334;=IF.M3+CH.L-X69;=IF.M3+ST.IF2-X69
335;=IF.M3+CH.L-X70;=IF.M3+ST.IF2-X70
336;=IF.SIM+CH.L-X71;=IF.SIM+ST.IF2-X71
337;=IF.SIM+CH.L-X75;=IF.SIM+ST.IF2-X75
338;=IF+CH.L-X100;=LF.PM+BG.PA0-T200:X7
339;=IF+CH.L-X101;=LF.PM+BG.PA1-T202:X7
340;=IF+CH.L-X102;=LF.PM+BG.PA2-T204:X7
341;=IF+CH.L-X103;=LF.PM+BG.PA3-T206:X7
342;=IF+CH.L-X104;=LF.PM+BG.PA3-T208:X7
343;=PE+CH.L-X1;=PE+CH.FR2-X2.29
344;=PE+CH.L-X2;=PE+CH.FR2-X2.30
345;=MD.GA+CH.M-B1;=CT+CH.EP2-K1:IN1
346;=PE+CH.M-X1;=PE+CH.RP07-X3
347;=SLRC-A5;=IF.M1C+ST.IF2-X34
348;=SLRC-A5;=IF.M1C+ST.IF2-X35
349;=SLRC-A5;=IF.M1F+ST.IF2-X40
350;=SLRC-A5;=IF.M1F+ST.IF2-X41
351;=SLRC-A5;=IF.M3+ST.IF3-X82
352;=SLRC-A5;=IF.M3+ST.IF3-X83
353;=SLRC-A6;=IF.M3+ST.IF3-X84
354;=SLRC-A6;=IF.M3+ST.IF3-X85
355;=SLRC-A6;=IF.SIM+ST.IF2-X47
356;=SLRC-A6;=IF.SIM+ST.IF2-X76
357;=SLRC-A6;=IF.SIM+ST.IF3-X86
358;=SLRC-A6;=IF.SIM+ST.IF3-X87
359;=EP+HTCP-X1:A;=SLRC-H3
360;=EP+HTCP-X1:B;=BSSR1-S01-SFP10
361;=EP+HTCP-X10:A;=MSW2-X19
362;=EP+HTCP-X100:A;=CT+HPDLMC-IF6.X15
363;=EP+HTCP-X230;=EP.CT+HPDLMC-IF1.X1
364;=ASP+CH.E-X1;=EP.CT+HPDLMC-IF1.X10
365;=ASP+CH.E-X2;=SLRC-D6
366;=TSBR+CH.E-X600;=PA0+1-X600
367;=TSBR+CH.E-X601;=PA1+1-X600
368;=TSBR+CH.E-X602;=PA2+1-X600
369;=TSBR+CH.E-X603;=PA3+1-X600
370;=TSBR+CH.E-X610;=EP+HPDLMC-IF5.X6
371;=TSBR+CH.E-X611;=EP+TRUC-IF1.X12
372;=ASP+CH.K-X1;=EP.EC+HPDLMC-IF1.X3
373;=TSNI+CH.K-X10;=CT+HPDLMC-IF6.X1
374;=TSNI+CH.K-X20;=CT+HPDLMC-IF7.X6
375;=TSNI+CH.K-X67;=SLRC-B1
376;=TSNI+CH.K-X68;=SLRC-B2
377;=ASP+CH.K-X2;=SLRC-D5
378;=TSNI+CH.K-X30;=SLRC-D5
379;=TSNI+CH.K-X40;=SLRC-D5
380;=PA0+1-X600;=TSBR+CH.E-X600
381;=PA0+1-XPE1;=PE+CH.E-X3
382;=PA0+1-XPE2;=PA0+RF01-X11
383;=PA0+10-X1;=PA0+RF01-X1
384;=PA0+10-X2;=PA0+RF01-X2
385;=PA0+10-X3;=PA0+RF01-X3
386;=PA0+10-X4;=PA0+RF01-X4
387;=PA0+19-X1;=PA0+5-X1
388;=PA0+19-X19.1;=PA0+19-X19.2
389;=PA0+19-X5;=EP+CH.B-X1
390;=PA0+22-X1;=CT+TRUC-IF1.X8
391;=PA0+22-X2;=PA1+22-X1
392;=PA0+22-X3;=SY.EMO+HPDLMC-IF3.X1
393;=PA0+23-LT1;=PA0+23-X4
394;=PA0+23-X4;=PA0+23-LT1
395;=PA0+30-X10;=PA0+RF01-X31
396;=PA0+30-X101;=CT+HPDLMC-IF6.X10
397;=PA0+30-X102;=PA0+RF01-X35
398;=PA0+30-X103;=PA0+RF01-X36
399;=PA0+30-X70;=CT+TRUC-IF1.X6
400;=PA0+30-X71;=PA1+30-X70
401;=PA0+30-X80;=CT+TRUC-IF1.X4
402;=PA0+30-X81;=PA1+30-X80
403;=PA0+60-X1;=CT+HPDLMC-IF7.X2
404;=PA0+60-X55;=SLRC-D2
405;=PA1+1-X600;=TSBR+CH.E-X601
406;=PA1+1-XPE1;=PE+CH.B-X2
407;=PA1+1-XPE2;=PA1+RF11-X11
408;=PA1+10-X1;=PA1+RF11-X1
409;=PA1+10-X2;=PA1+RF11-X2
410;=PA1+10-X3;=PA1+RF11-X3
411;=PA1+10-X4;=PA1+RF11-X4
412;=PA1+19-X1;=PA1+5-X1
413;=PA1+19-X19.1;=PA1+19-X19.2
414;=PA1+19-X5;=EP+CH.A-X1
415;=PA1+22-X1;=PA0+22-X2
416;=PA1+22-X2;=SY.EMO+HPDLMC-IF3.X2
417;=PA1+22-X2;=PA2+22-X1
418;=PA1+23-LT1;=PA1+23-X4
419;=PA1+23-X4;=PA1+23-LT1
420;=PA1+30-X10;=PA1+RF11-X31
421;=PA1+30-X101;=CT+HPDLMC-IF6.X11
422;=PA1+30-X103;=PA1+RF11-X35
423;=PA1+30-X103;=PA1+RF11-X36
424;=PA1+30-X70;=PA0+30-X71
425;=PA1+30-X71;=PA2+30-X70
426;=PA1+30-X80;=PA0+30-X81
427;=PA1+30-X81;=PA2+30-X80
428;=PA1+60-X1;=CT+HPDLMC-IF7.X3
429;=PA1+60-X55;=SLRC-D3
430;=PA2+1-X600;=TSBR+CH.E-X602
431;=PA2+1-XPE1;=PE+CH.I-X2
432;=PA2+1-XPE2;=PA2+RF21-X11
433;=PA2+1-XPE3;=PA2+RF22-X11
434;=PA2+10-X1;=PA2+RF21-X1
435;=PA2+10-X2;=PA2+RF21-X2
436;=PA2+10-X3;=PA2+RF21-X3
437;=PA2+10-X4;=PA2+RF21-X4
438;=PA2+11-X1;=PA2+RF22-X1
439;=PA2+11-X2;=PA2+RF22-X2
440;=PA2+11-X3;=PA2+RF22-X3
441;=PA2+11-X4;=PA2+RF22-X4
442;=PA2+19-X1;=PA2+5-X1
443;=PA2+19-X19.1;=PA2+19-X19.2
444;=PA2+19-X5;=EP+CH.K-X1
445;=PA2+22-X1;=PA1+22-X2
446;=PA2+22-X2;=PA3+22-X1
447;=PA2+22-X3;=SY.EMO+HPDLMC-IF3.X3
448;=PA2+23-LT1;=PA2+23-X4
449;=PA2+23-X4;=PA2+23-LT1
450;=PA2+30-X10;=PA2+RF21-X31
451;=PA2+30-X103;=CT+HPDLMC-IF6.X12
452;=PA2+30-X104;=PA0+RF01-X35
453;=PA2+30-X105;=PA2+RF22-X35
454;=PA2+30-X106;=PA0+RF01-X35
455;=PA2+30-X70;=PA1+30-X71
456;=PA2+30-X71;=PA3+30-X70
457;=PA2+30-X80;=PA1+30-X81
458;=PA2+30-X81;=PA3+30-X80
459;=PA2+60-X1;=CT+HPDLMC-IF7.X4
460;=PA2+60-X55;=SLRC-E1
461;=PA3+1-X600;=PA3+1-X600
462;=PA3+1-XPE1;=PA3+1-XPE1
463;=PA3+1-XPE2;=PA3+1-XPE2
464;=PA3+1-XPE3;=PA3+1-XPE3
465;=PA3+10-X1;=PA3+10-X1
466;=PA3+10-X2;=PA3+10-X2
467;=PA3+10-X3;=PA3+10-X3
468;=PA3+10-X4;=PA3+10-X4
469;=PA3+11-X1;=PA3+11-X1
470;=PA3+11-X2;=PA3+11-X2
471;=PA3+11-X3;=PA3+11-X3
472;=PA3+11-X4;=PA3+11-X4
473;=PA3+19-X1;=PA3+19-X1
474;=PA3+19-X19.1;=PA3+19-X19.1
475;=PA3+19-X5;=PA3+19-X5
476;=PA3+22-X1;=PA3+22-X1
477;=PA3+22-X2;=PA3+22-X2
478;=PA3+22-X2;=PA3+22-X2
479;=PA3+23-LT1;=PA3+23-LT1
480;=PA3+23-X4;=PA3+23-X4
481;=PA3+30-X10;=PA3+30-X10
482;=PA3+30-X103;=PA3+30-X103
483;=PA3+30-X104;=PA3+30-X104
484;=PA3+30-X105;=PA3+30-X105
485;=PA3+30-X106;=PA3+30-X106
486;=PA3+30-X70;=PA3+30-X70
487;=PA3+30-X71;=PA3+30-X71
488;=PA3+30-X80;=PA3+30-X80
489;=PA3+60-X1;=PA3+60-X1
490;=PA3+60-X55;=PA3+60-X55
491;=PA0+RF01-X1;=PA0+10-X1
492;=PA0+RF01-X101;=CH01+CH.F-X01
493;=PA0+RF01-X102;=CH01+CH.F-X02
494;=PA0+RF01-X103;=CH01+CH.F-X03
495;=PA0+RF01-X104;=CH01+CH.F-X04
496;=PA0+RF01-X105;=CH01+CH.F-X05
497;=PA0+RF01-X106;=CH01+CH.F-X06
498;=PA0+RF01-X107;=CH01+CH.F-X07
499;=PA0+RF01-X108;=CH01+CH.F-X08
500;=PA0+RF01-X109;=CH01+CH.F-X09
501;=PA0+RF01-X11;=PA0+1-XPE2
502;=PA0+RF01-X110;=CH01+CH.F-X10
503;=PA0+RF01-X111;=CH01+CH.F-X11
504;=PA0+RF01-X112;=CH01+CH.F-X12
505;=PA0+RF01-X113;=CH01+CH.F-X13
506;=PA0+RF01-X114;=CH01+CH.F-X14
507;=PA0+RF01-X115;=CH01+CH.F-X15
508;=PA0+RF01-X116;=CH01+CH.F-X16
509;=PA0+RF01-X2;=PA0+10-X2
510;=PA0+RF01-X3;=PA0+10-X3
511;=PA0+RF01-X31;=PA0+30-X10
512;=PA0+RF01-X35;=PA0+30-X102
513;=PA0+RF01-X36;=PA0+30-X103
514;=PA0+RF01-X4;=PA0+10-X4
515;=PA1+RF11-X1;=PA1+10-X1
516;=PA1+RF11-X101;=CH11+CH.C-X01
517;=PA1+RF11-X102;=CH11+CH.C-X02
518;=PA1+RF11-X103;=CH11+CH.C-X03
519;=PA1+RF11-X104;=CH11+CH.C-X04
520;=PA1+RF11-X105;=CH11+CH.C-X05
521;=PA1+RF11-X106;=CH11+CH.C-X06
522;=PA1+RF11-X107;=CH11+CH.C-X07
523;=PA1+RF11-X108;=CH11+CH.C-X08
524;=PA1+RF11-X109;=CH11+CH.C-X09
525;=PA1+RF11-X11;=PA1+1-XPE2
526;=PA1+RF11-X110;=CH11+CH.C-X10
527;=PA1+RF11-X111;=CH11+CH.C-X11
528;=PA1+RF11-X112;=CH11+CH.C-X12
529;=PA1+RF11-X113;=CH11+CH.C-X13
530;=PA1+RF11-X114;=CH11+CH.C-X14
531;=PA1+RF11-X115;=CH11+CH.C-X15
532;=PA1+RF11-X116;=CH11+CH.C-X16
533;=PA1+RF11-X2;=PA1+10-X2
534;=PA1+RF11-X3;=PA1+10-X3
535;=PA1+RF11-X31;=PA1+30-X10
536;=PA1+RF11-X35;=PA1+30-X103
537;=PA1+RF11-X36;=PA1+30-X103
538;=PA1+RF11-X4;=PA1+10-X4
539;+RF21-X101;+PA2-MB1
540;+RF21-X102;+PA2-MB2
541;=PA0+RF01-X35;=PA2+30-X104
542;=PA0+RF01-X35;=PA2+30-X106
543;=PA2+RF21-X1;=PA2+10-X1
544;=PA2+RF21-X11;=PA2+1-XPE2
545;=PA2+RF21-X2;=PA2+10-X2
546;=PA2+RF21-X3;=PA2+10-X3
547;=PA2+RF21-X31;=PA2+30-X10
548;=PA2+RF21-X32;=PA2+RF22-X31
549;=PA2+RF21-X37;=PA2+RF22-X36
550;=PA2+RF21-X4;=PA2+10-X4
551;+RF22-X101;+PA2-MB3
552;+RF22-X102;+PA2-MB4
553;=PA2+RF22-X1;=PA2+11-X1
554;=PA2+RF22-X11;=PA2+1-XPE3
555;=PA2+RF22-X2;=PA2+11-X2
556;=PA2+RF22-X3;=PA2+11-X3
557;=PA2+RF22-X31;=PA2+RF21-X32
558;=PA2+RF22-X35;=PA2+30-X105
559;=PA2+RF22-X36;=PA2+RF21-X37
560;=PA2+RF22-X4;=PA2+11-X4
561;+RF31-X101;+PA3-MB1
562;+RF31-X102;+PA3-MB2
563;=PA3+RF31-X1;=PA3+10-X1
564;=PA3+RF31-X11;=PA3+1-XPE2
565;=PA3+RF31-X2;=PA3+10-X2
566;=PA3+RF31-X3;=PA3+10-X3
567;=PA3+RF31-X31;=PA3+30-X10
568;=PA3+RF31-X32;=PA3+RF32-X31
569;=PA3+RF31-X35;=PA3+30-X104
570;=PA3+RF31-X36;=PA3+30-X106
571;=PA3+RF31-X37;=PA3+RF32-X36
572;=PA3+RF31-X4;=PA3+10-X4
573;+RF32-X101;+PA3-MB3
574;+RF32-X102;+PA3-MB4
575;=PA3+RF32-X1;=PA3+11-X1
576;=PA3+RF32-X11;=PA3+1-XPE3
577;=PA3+RF32-X2;=PA3+11-X2
578;=PA3+RF32-X3;=PA3+11-X3
579;=PA3+RF32-X31;=PA3+RF31-X32
580;=PA3+RF32-X35;=PA3+30-X105
581;=PA3+RF32-X36;=PA3+RF31-X37
582;=PA3+RF32-X4;=PA3+11-X4
583;=CT+CH.EP1-K1:IN0/IN1;=SY+CH.FR0-DS1
584;=CT+CH.EP1-K1:IN2/IN3;=SY+CH.FR0-DS2
585;=CT+CH.EP1-K1:IN4/IN5;=SY+CH.FR0-DS3
586;=CT+CH.EP1-K1:IN6/IN7;=SY+CH.FR0-DS4
587;=CT+CH.EP1-K10:IN0/IN1;=SY+CH.FR1-DS24
588;=CT+CH.EP1-K10:IN2/IN3;=SY+CH.FR1-DS25
589;=CT+CH.EP1-K10:IN4/IN5;=SY+CH.FR1-DS26
590;=CT+CH.EP1-K10:IN6/IN7;=SY+CH.FR1-DS27
591;=CT+CH.EP1-K11:IN0/IN1;=SY+CH.FR1-DS28
592;=CT+CH.EP1-K11:IN2/IN3;=SY+CH.FR1-DS29
593;=CT+CH.EP1-K11:IN4/IN5;=SY+CH.FR1-DS30
594;=CT+CH.EP1-K11:IN6/IN7;=SY+CH.FR1-DS31
595;=CT+CH.EP1-K12:IN0/IN1;=SY+CH.C-X1
596;=CT+CH.EP1-K13:24V/DC_IN;=EP+CH.E-X3
597;=CT+CH.EP1-K13:IN0/IN1;=IL+CH.FR0-H1
598;=CT+CH.EP1-K13:IN2/IN3;=IL+CH.FR0-H2
599;=CT+CH.EP1-K13:IN4/IN5;=IL+CH.FR0-H3
600;=CT+CH.EP1-K13:IN6/IN7;=IL+CH.FR2-H4
601;=CT+CH.EP1-K14:DATA_OUT;=CT+CH.EP3-T1:X1
602;=CT+CH.EP1-K14:IN0/IN1;=IL+CH.FR2-H5
603;=CT+CH.EP1-K14:IN2/IN3;=IL+CH.FR3-H6
604;=CT+CH.EP1-K14:IN4/IN5;=IL+CH.FR1-H7
605;=CT+CH.EP1-K14:IN6/IN7;=IL+CH.FR1-H8
606;=CT+CH.EP1-K2:IN0/IN1;=SY+CH.FR0-DS5
607;=CT+CH.EP1-K2:IN2/IN3;=SY+CH.FR0-DS6.1
608;=CT+CH.EP1-K2:IN4/IN5;=SY+CH.FR0-DS6.2
609;=CT+CH.EP1-K2:IN6/IN7;=SY+CH.FR0-DS32.1
610;=CT+CH.EP1-K3:IN0/IN1;=SY+CH.FR0-DS32.2
611;=CT+CH.EP1-K3:IN2/IN3;=SY+CH.FR0-DS33.1
612;=CT+CH.EP1-K3:IN4/IN5;=SY+CH.FR0-DS33.2
613;=CT+CH.EP1-K3:IN6/IN7;=SY+CH.FR0-DS34.1
614;=CT+CH.EP1-K4:IN0/IN1;=SY+CH.FR0-DS34.2
615;=CT+CH.EP1-K4:IN2/IN3;=SY+CH.FR0-DS35.1
616;=CT+CH.EP1-K4:IN4/IN5;=SY+CH.FR0-DS35.2
617;=CT+CH.EP1-K4:IN6/IN7;=SY+CH.F-X1
618;=CT+CH.EP1-K5:IN0/IN1;=SY+CH.FR0-DS7
619;=CT+CH.EP1-K5:IN2/IN3;=SY+CH.FR0-DS8
620;=CT+CH.EP1-K5:IN4/IN5;=SY+CH.FR0-DS9
621;=CT+CH.EP1-K5:IN6/IN7;=SY+CH.FR0-DS10
622;=CT+CH.EP1-K6:IN0/IN1;=SY+CH.FR2-DS11
623;=CT+CH.EP1-K6:IN2/IN3;=SY+CH.FR2-DS12
624;=CT+CH.EP1-K6:IN4/IN5;=SY+CH.FR2-DS13
625;=CT+CH.EP1-K6:IN6/IN7;=SY+CH.FR2-DS14
626;=CT+CH.EP1-K7:IN0/IN1;=SY+CH.FR2-DS15
627;=CT+CH.EP1-K7:IN2/IN3;=SY+CH.FR2-DS16
628;=CT+CH.EP1-K7:IN4/IN5;=SY+CH.FR2-DS17
629;=CT+CH.EP1-K7:IN6/IN7;=SY+CH.FR2-DS18
630;=CT+CH.EP1-K8:IN0/IN1;=SY+CH.FR3-DS19
631;=CT+CH.EP1-K8:IN2/IN3;=SY+CH.FR3-DS20
632;=CT+CH.EP1-K8:IN4/IN5;=SY+CH.FR3-DS21
633;=CT+CH.EP1-K8:IN6/IN7;=SY+CH.FR3-DS22
634;=CT+CH.EP1-K9:IN0/IN1;=SY+CH.FR3-DS23
635;=CT+CH.EP1-K9:IN2/IN3;=SY+CH.FR3-KS1.X1
636;=CT+CH.EP1-K9:IN4/IN5;=SY+CH.FR3-KS2.X2
637;=CT+CH.EP1-K9:IN6/IN7;=SY+CH.FR3-KS3.X3
638;=CT+CH.EP1-T1:24V/DC_IN;=EP.CT+CH.E-X1
639;=CT+CH.EP1-T1:DATA_IN;=CT+CH.EP20-T1:X7
640;=SY.EMO+CH.EP2.1-K1:IN0/IN1;=SY+CH.FR0-PB1:X1
641;=SY.EMO+CH.EP2.1-K1:IN2/IN3;=SY+CH.FR0-PB2:X1
642;=SY.EMO+CH.EP2.1-K1:IN4/IN5;=SY+CH.FR0-PB3:X1
643;=SY.EMO+CH.EP2.1-K1:IN6/IN7;=SY+CH.FR2-PB4:X1
644;=SY.EMO+CH.EP2.1-K2:IN0/IN1;=SY+CH.FR2-PB5:X1
645;=SY.EMO+CH.EP2.1-K2:IN2/IN3;=SY+CH.FR3-PB6:X1
646;=SY.EMO+CH.EP2.1-K2:IN4/IN5;=SY+CH.FR3-PB7:X1
647;=SY.EMO+CH.EP2.1-K2:IN6/IN7;=SY+CH.FR1-PB8:X1
648;=SY.EMO+CH.EP2.1-K3:IN0/IN1;=SY+CH.FR1-PB9:X1
649;=SY.EMO+CH.EP2.1-T1:24V_IN;=EP.CT+CH.H-X2
650;=SY.EMO+CH.EP2.1-T1:Data_IN;=CT+CH.H-X1
651;=CH+CH.EP2.4-K9:OUT0/OUT1;=LF+BG.PA3-Y3:X1
652;=CT+CH.EP2.4-K1:IN0/IN1;=SY.BS+BG.SF12-B438:X1
653;=CT+CH.EP2.4-K1:IN2/IN3;=SY.BS+BG.SF12-B439:X1
654;=CT+CH.EP2.4-K1:IN4/IN5;=SY.BS+BG.SF12-B440:X1
655;=CT+CH.EP2.4-K1:IN6/IN7;=SY.BS+BG.SF12-B441:X1
656;=CT+CH.EP2.4-K10:OUT0/OUT1;=SY+BG.PA3-B271:X1
657;=CT+CH.EP2.4-K10:OUT2/OUT3;=CT.AC+BG.PA3-A202:X1
658;=CT+CH.EP2.4-K10:OUT4/OUT5;=CT.AC+BG.PA3-A204:X1
659;=CT+CH.EP2.4-K11:IN1;=SY+BG.PA3-B24
660;=CT+CH.EP2.4-K12:24V_OUT;=MD.PN+BG.PA3-T403:X0
661;=CT+CH.EP2.4-K12:Data_OUT;=MD.PN+BG.PA3-T403:In1
662;=CT+CH.EP2.4-K12:IN1;=LF.PM+BG.PA3-B1
663;=CT+CH.EP2.4-K12:IN2;=LF.PM+BG.PA3-B2
664;=CT+CH.EP2.4-K12:IN3;=LF.PM+BG.PA3-B3
665;=CT+CH.EP2.4-K2:IN0/IN1;=BS+BG.SF12-B442:X1
666;=CT+CH.EP2.4-K2:IN2/IN3;=BS+BG.SF12-B443:X1
667;=CT+CH.EP2.4-K2:IN4/IN5;=SY+BG.PA3-B300:X1
668;=CT+CH.EP2.4-K2:IN6/IN7;=SY+BG.PA3-B301:X1
669;=CT+CH.EP2.4-K3:IN0/IN1;=SY.BS+BG.PA3-B467:X1
670;=CT+CH.EP2.4-K3:IN2/IN3;=SY.BS+BG.PA3-B468:X1
671;=CT+CH.EP2.4-K3:IN4/IN5;=SY.BS+BG.PA3-B469:X1
672;=CT+CH.EP2.4-K3:IN6/IN7;=SY.BS+BG.PA3-B470:X1
673;=CT+CH.EP2.4-K4:IN0/IN1;=SY.BS+BG.PA3-B471:X1
674;=CT+CH.EP2.4-K4:IN2/IN3;=SY.BS+BG.PA3-B472:X1
675;=CT+CH.EP2.4-K4:IN4/IN5;=SY.BS+BG.PA3-B473:X1
676;=CT+CH.EP2.4-K4:IN6/IN7;=SY.BS+BG.PA3-B474:X1
677;=CT+CH.EP2.4-K5:IN0/IN1;=SY.BS+BG.PA3-B475:X1
678;=CT+CH.EP2.4-K5:IN2/IN3;=SY+CH.BG-CBA_PA3:X1
679;=CT+CH.EP2.4-K5:IN4/IN5;=SY+BG.PA3-B10:X1
680;=CT+CH.EP2.4-K5:IN6/IN7;=SY+BG.PA3-B11:X1
681;=CT+CH.EP2.4-K6:IN0/IN1;=SY.BS+BG.PA3-X1
682;=CT+CH.EP2.4-K6:IN2/IN3;=SY.BS+BG.PA3-X2
683;=CT+CH.EP2.4-K6:IN4/IN5;=SY.BS+BG.PA3-B482:X1
684;=CT+CH.EP2.4-K8:IN0;=BS.PUM+BG.PA3-B478:X1
685;=CT+CH.EP2.4-K8:IN1;=BS.PUM+BG.PA3-B479:X1
686;=CT+CH.EP2.4-K8:IN2;=BS.PUM+BG.PA3-B480:X1
687;=CT+CH.EP2.4-K8:IN3;=BS.PUM+BG.PA3-B481:X1
688;=CT+CH.EP2.4-K8:IN4;=SY+BG.PA3-B49:X1
689;=CT+CH.EP2.4-K8:IN5;=MD.WT+PA3.DO20-B2
690;=CT+CH.EP2.4-K8:IN6;=MD.WT+PA3.DO20-B1
691;=CT+CH.EP2.4-T1:24V_IN;=CT+CH.EP2-K2:24V_Out
692;=CT+CH.EP2.4-T1:DATA_IN;=CT+CH.EP2-T1:X5
693;=CT+CH.EP3.5-K6:IN6/IN7;=SY.BS+BG.PA3-B483:X1
694;=CT+CH.EP3.5-K7:IN0/IN1;=SY.BS+BG.PA3-B484:X1
695;=CT+CH.EP3.5-K7:IN2/IN3;=SY.BS+BG.PA3-B485:X1
696;=CT+CH.EP3.5-K7:IN4/IN5;=SY.BS+BG.PA3-B486:X1
697;=CT+CH.EP2.5-K1:IN0/IN1;=SY.BS+BG.PA2-B444:X1
698;=CT+CH.EP2.5-K1:IN2/IN3;=SY.BS+BG.PA2-B445:X1
699;=CT+CH.EP2.5-K1:IN4/IN5;=SY.BS+BG.PA2-B446:X1
700;=CT+CH.EP2.5-K1:IN6/IN7;=SY.BS+BG.PA2-B447:X1
701;=CT+CH.EP2.5-K2:IN0/IN1;=SY.BS+BG.PA2-B448:X1
702;=CT+CH.EP2.5-K2:IN2/IN3;=SY.BS+BG.PA2-B449:X1
703;=CT+CH.EP2.5-K2:IN4/IN5;=SY.BS+BG.PA2-B450:X1
704;=CT+CH.EP2.5-K2:IN6/IN7;=SY.BS+BG.PA2-B451:X1
705;=CT+CH.EP2.5-K3:IN0/IN1;=SY+BG.PA2-B8:X1
706;=CT+CH.EP2.5-K3:IN2/IN3;=SY.BS+BG.PA2-B452:X1
707;=CT+CH.EP2.5-K3:IN4/IN5;=SY+BG.PA2-B9:X1
708;=CT+CH.EP2.5-K3:IN6/IN7;=SY.BS+BG.PA2-X1
709;=CT+CH.EP2.5-K4:IN0/IN1;=SY.BS+BG.PA2-B460:X1
710;=CT+CH.EP2.5-K4:IN2/IN3;=SY.BS+BG.PA2-B461:X1
711;=CT+CH.EP2.5-K4:IN4/IN5;=SY.BS+BG.PA2-B462:X1
712;=CT+CH.EP2.5-K4:IN6/IN7;=SY.BS+BG.PA2-X2
713;=CT+CH.EP2.5-K5:IN0;=BS.MC+BG.PA2-B458:X1
714;=CT+CH.EP2.5-K5:IN1;=BS.MC+BG.PA2-B459:X1
715;=CT+CH.EP2.5-K5:IN2;=BS.PUM+BG.PA2-B456:X1
716;=CT+CH.EP2.5-K5:IN3;=BS.PUM+BG.PA2-B454:X1
717;=CT+CH.EP2.5-K5:IN4;=BS.PUM+BG.PA2-B455:X1
718;=CT+CH.EP2.5-K5:IN5;=BS.PUM+BG.PA2-B457:X1
719;=CT+CH.EP2.5-K6:IN0;=BS.AL+BG.PA2-B463:X1
720;=CT+CH.EP2.5-K6:IN1;=BS.AL+BG.PA2-B464:X1
721;=CT+CH.EP2.5-K6:IN2;=BS.MC+BG.PA2-B465:X1
722;=CT+CH.EP2.5-K6:IN3;=BS.MC+BG.PA2-B466:X1
723;=CT+CH.EP2.5-K7:IN1;=SY+BG.PA2-B22
724;=CT+CH.EP2.5-K7:IN2;=SY+BG.PA2-B23
725;=CT+CH.EP2.5-K8:24V_OUT;=MD.PN+BG.PA2-T402:X0
726;=CT+CH.EP2.5-K8:Data_OUT;=MD.PN+BG.PA2-T402:In1
727;=CT+CH.EP2.5-K8:IN1;=LF.PM+BG.PA2-B1
728;=CT+CH.EP2.5-T1:24V_IN;=EP.CT+CH.H-X3
729;=CT+CH.EP2.5-T1:DATA_IN;=CT+CH.EP2-T1:X6
730;=CT+CH.EP2-K1:IN0;=MD.GA+CH.RP10-B1
731;=CT+CH.EP2-K1:IN1;=MD.GA+CH.M-B1
732;=CT+CH.EP2-K1:IN2;=MD.PN+CH.RP02-B490
733;=CT+CH.EP2-K10;=EP+CH.H-X5
734;=CT+CH.EP2-K10:1;=LF.PM+BG.PA0-T200:X2
735;=CT+CH.EP2-K10:2;=LF.PM+BG.PA0-T202:X2
736;=CT+CH.EP2-K10:3;=LF.PM+BG.PA0-T204:X2
737;=CT+CH.EP2-K10:4;=LF.PM+BG.PA0-T206:X2
738;=CT+CH.EP2-K11:1;=LF.PM+BG.PA0-T208:X2
739;=CT+CH.EP2-K2:24V_Out;=CT+CH.EP2.4-T1:24V_IN
740;=CT+CH.EP2-K2:OUT0/OUT1;=CO+CH.PA0-X1
741;=CT+CH.EP2-K2:OUT2/OUT3;=CO+CH.PA1-X1
742;=CT+CH.EP2-K2:OUT4/OUT5;=CO+CH.PA2-X1
743;=CT+CH.EP2-K2:OUT6/OUT7;=CO+CH.PA3-X1
744;=CT+CH.EP2-T1:24V_IN;=EP.CT+CH.H-X4
745;=CT+CH.EP2-T1:X1;=CT+CH.EP3-T1:X7
746;=CT+CH.EP2-T1:X3;=PA3+30-A9:DATA_IN
747;=CT+CH.EP2-T1:X4;=PA2+30-A9:DATA_IN
748;=CT+CH.EP2-T1:X5;=CT+CH.EP2.4-T1:DATA_IN
749;=CT+CH.EP2-T1:X6;=CT+CH.EP2.5-T1:DATA_IN
750;=CT+CH.EP3.4-K1:24V_IN;=CT+CH.EP3.5-K9:24V/DC_OUT
751;=CT+CH.EP3.4-K1:DATA_IN;=CT+CH.EP3.5-K9:DATA_OUT
752;=CT+CH.EP3.4-K1:IN0/IN1;=SY.BS+BG.PA0-B400:X1
753;=CT+CH.EP3.4-K1:IN2/IN3;=SY.BS+BG.PA0-B401:X1
754;=CT+CH.EP3.4-K1:IN4/IN5;=SY.BS+BG.PA0-B402:X1
755;=CT+CH.EP3.4-K1:IN6/IN7;=SY.BS+BG.PA0-B403:X1
756;=CT+CH.EP3.4-K2:IN0;=BS.AL+BG.PA0-B406:X1
757;=CT+CH.EP3.4-K2:IN1;=BS.AL+BG.PA0-B407:X1
758;=CT+CH.EP3.4-K2:IN2;=BS.MC+BG.PA0-B408:X1
759;=CT+CH.EP3.4-K2:IN3;=BS.MC+BG.PA0-B409:X1
760;=CT+CH.EP3.4-K3:IN0/IN1;=SY.BS+BG.PA0-B404:X1
761;=CT+CH.EP3.4-K3:IN2/IN3;=SY.BS+BG.PA0-B405:X1
762;=CT+CH.EP3.4-K3:IN4/IN5;=SY.BS+BG.PA0-X1
763;=CT+CH.EP3.4-K3:IN6/IN7;=SY.BS+BG.PA0-X2
764;=CT+CH.EP3.5-K1:IN1/IN2;=SY+BG.PA0-B1:X1
765;=CT+CH.EP3.5-K1:IN3/IN4;=SY+BG.PA0-B2:X1
766;=CT+CH.EP3.5-K1:IN5/IN6;=SY+BG.PA0-B3:X1
767;=CT+CH.EP3.5-K1:IN7/IN8;=SY+BG.PA0-B12:X1
768;=CT+CH.EP3.5-K1:OUT1;=BS+BG.PA0-Y1
769;=CT+CH.EP3.5-K2:IN0/IN1;=SY+BG.PA0-B14:X1
770;=CT+CH.EP3.5-K3:IN0/IN1;=SY.BS+BG.PA0-B487:X1
771;=CT+CH.EP3.5-K4:IN0/IN1;=SY.BS+BG.PA0-B489:X1
772;=CT+CH.EP3.5-K4:IN2/IN3;=SY.BS+BG.PA0-B490:X1
773;=CT+CH.EP3.5-K5:IN0/IN1;=SY.BS+BG.PA0-B491:X1
774;=CT+CH.EP3.5-K6:IN0/IN1;=SY+BG.PA0-B25:X1
775;=CT+CH.EP3.5-K6:IN2/IN3;=SY+BG.PA0-B26:X1
776;=CT+CH.EP3.5-K7:OUT0/OUT1;=SY+BG.PA0-B270:X1
777;=CT+CH.EP3.5-K7:OUT2/OUT3;=CT.AC+BG.PA0-A200:X1
778;=CT+CH.EP3.5-K8:IN1;=SY+BG.PA0-B15
779;=CT+CH.EP3.5-K8:IN2;=SY+BG.PA0-B16
780;=CT+CH.EP3.5-K8:IN3;=SY+BG.PA0-B17
781;=CT+CH.EP3.5-K9:24V/DC_OUT;=CT+CH.EP3.4-K1:24V_IN
782;=CT+CH.EP3.5-K9:DATA_OUT;=CT+CH.EP3.4-K1:DATA_IN
783;=CT+CH.EP3.5-K9:IN1;=SY+BG.PA0-B51
784;=CT+CH.EP3.5-T1:24V_IN;=EP.CT+CH.D-X3
785;=CT+CH.EP3.5-T1:DATA_IN;=CT+CH.EP3-T1:X3
786;=CT+CH.EP3.7-K1:IN0/IN1;=SY.BS+BG.PA1-B416:X1
787;=CT+CH.EP3.7-K1:IN2/IN3;=SY.BS+BG.PA1-B417:X1
788;=CT+CH.EP3.7-K1:IN4/IN5;=SY.BS+BG.PA1-B418:X1
789;=CT+CH.EP3.7-K1:IN6/IN7;=SY.BS+BG.PA1-B419:X1
790;=CT+CH.EP3.7-K2:IN0/IN1;=SY.BS+BG.PA1-B420:X1
791;=CT+CH.EP3.7-K2:IN2/IN3;=SY.BS+BG.PA1-B421:X1
792;=CT+CH.EP3.7-K2:IN4/IN5;=SY.BS+BG.PA1-B422:X1
793;=CT+CH.EP3.7-K2:IN6/IN7;=SY.BS+BG.PA1-B423:X1
794;=CT+CH.EP3.7-K3:IN0/IN1;=SY.BS+BG.PA1-B431:X1
795;=CT+CH.EP3.7-K3:IN2/IN3;=SY.BS+BG.PA1-B432:X1
796;=CT+CH.EP3.7-K3:IN4/IN5;=SY.BS+BG.PA1-B433:X1
797;=CT+CH.EP3.7-K3:IN6/IN7;=SY.BS+BG.PA1-B429:X1
798;=CT+CH.EP3.7-K3:IN7;=BS.PUM+BG.PA1-B427:X1
799;=CT+CH.EP3.7-K4:IN0/IN1;=SY+BG.PA1-B4:X1
800;=CT+CH.EP3.7-K4:IN2/IN3;=SY+BG.PA1-B5:X1
801;=CT+CH.EP3.7-K4:IN4/IN5;=SY+BG.PA1-B6:X1
802;=CT+CH.EP3.7-K4:IN6/IN7;=SY+BG.PA1-B7:X1
803;=CT+CH.EP3.7-K5:IN0/IN1;=SY.BS+BG.PA1-X1
804;=CT+CH.EP3.7-K5:IN2/IN3;=SY.BS+BG.PA1-X2
805;=CT+CH.EP3.7-K6:IN0;=BS.PUM+BG.PA1-B426:X1
806;=CT+CH.EP3.7-K6:IN1;=BS.PUM+BG.PA1-B424:X1
807;=CT+CH.EP3.7-K6:IN2;=BS.PUM+BG.PA1-B425:X1
808;=CT+CH.EP3.7-K6:IN3;=BS.MC+BG.PA1-B428:X1
809;=CT+CH.EP3.7-K7:IN0;=BS.AL+BG.PA1-B434:X1
810;=CT+CH.EP3.7-K7:IN1;=BS.AL+BG.PA1-B435:X1
811;=CT+CH.EP3.7-K7:IN2;=BS.MC+BG.PA1-B436:X1
812;=CT+CH.EP3.7-K7:IN3;=BS.MC+BG.PA1-B437:X1
813;=CT+CH.EP3.7-K8:IN1;=SY+BG.PA1-B18
814;=CT+CH.EP3.7-K8:IN2;=SY+BG.PA1-B19
815;=CT+CH.EP3.7-K8:IN3;=SY+CH.BG-B20
816;=CT+CH.EP3.7-K8:IN4;=SY+CH.BG-B21
817;=CT+CH.EP3.7-K9:24V_OUT;=MD.PN+BG.PA1-T401:X0
818;=CT+CH.EP3.7-K9:DATA_OUT;=MD.PN+BG.PA1-T401:In1
819;=CT+CH.EP3.7-K9:IN1;=LF.PM+BG.PA1-B1
820;=CT+CH.EP3.7-T1:24V/DC_IN;=EP.CT+CH.D-X2
821;=CT+CH.EP3.7-T1:DATA_IN;=CT+CH.EP3-T1:X6
822;=CT+CH.EP3-K1:IN0/IN1;=SY.BS+BG.SF01-B410:X1
823;=CT+CH.EP3-K1:IN2/IN3;=SY.BS+BG.SF01-B411:X1
824;=CT+CH.EP3-K1:IN4/IN5;=SY.BS+BG.SF01-B412:X1
825;=CT+CH.EP3-K1:IN6/IN7;=SY.BS+BG.SF01-B413:X1
826;=CT+CH.EP3-K2:IN0/IN1;=BS+BG.SF01-B415:X1
827;=CT+CH.EP3-K2:IN2/IN3;=BS+BG.SF01-B414:X1
828;=CT+CH.EP3-T:X2;=SY+CH.A1-X22
829;=CT+CH.EP3-T1:24V_IN;=EP.CT+CH.D-X1
830;=CT+CH.EP3-T1:X1;=CT+CH.EP1-K14:DATA_OUT
831;=CT+CH.EP3-T1:X3;=CT+CH.EP3.5-T1:DATA_IN
832;=CT+CH.EP3-T1:X4;=PA0+30-A9:DATA_IN
833;=CT+CH.EP3-T1:X5;=PA1+30-A9:DATA_IN
834;=CT+CH.EP3-T1:X6;=CT+CH.EP3.7-T1:DATA_IN
835;=CT+CH.EP3-T1:X7;=CT+CH.EP2-T1:X1
836;=CT+CH.EP10-K1:IN1/IN2;=MD.WT+SFR.PA0-B1:X1
837;=CT+CH.EP10-K1:IN3/IN4;=MD.WT+SFR.PA1-B2:X1
838;=CT+CH.EP10-K1:IN5/IN6;=MD.WT+SFR.PA2-B3:X1
839;=CT+CH.EP10-K1:OUT1;=MD.GA+SFR.PA1-Y10
840;=CT+CH.EP10-K1:OUT2;=MD.GA+SFR.PA1-Y11
841;=CT+CH.EP10-K1:OUT3;=MD.GA+SFR.PA0-Y2
842;=CT+CH.EP10-K1:OUT4;=MD.PN+SFR.PA0-Y6
843;=CT+CH.EP10-K2:24V_OUT;=CT+CH.EP30-T1:24V_IN
844;=CT+CH.EP10-K2:IN0;=MD.GA+SFR.PA1-B10
845;=CT+CH.EP10-K2:IN1;=MD.GA+SFR.PA1-B11
846;=CT+CH.EP10-K2:IN2;=MD.PN+SFR.PA0-B250
847;=CT+CH.EP10-K2:IN3;=MD.GA+SFR.PA0-B251
848;=CT+CH.EP10-K3:24V_IN;=EP+CH.E-X6
849;=CT+CH.EP10-K3:DATA_OUT;=CT+CH.EP30-T1:X1
850;=CT+CH.EP10-K3:OUT0/OUT1;=IL+SFR.PA0-H9
851;=CT+CH.EP10-K3:OUT2/OUT3;=IL+CH.FR1-H10
852;=CT+CH.EP10-K3:OUT4/OUT5;=IL+CH.FR2-H11
853;=CT+CH.EP10-T1:24V_IN;=EP.CT+CH.E-X5
854;=CT+CH.EP10-T1:Data_IN;=CT+CH.E-X11
855;=CT+CH.EP20-T1:24V_IN;=CT+CH.EP30-T1:24V_OUT
856;=CT+CH.EP20-T1:X1;=CT+CH.EP30-T1:X8
857;=CT+CH.EP20-T1:X2;=PA2+30-X7
858;=CT+CH.EP20-T1:X3;=PA3+30-X7
859;=CT+CH.EP20-T1:X4;=PA2+30-A8:DATA_IN
860;=CT+CH.EP20-T1:X5;=PA3+30-A8:DATA_IN
861;=CT+CH.EP20-T1:X6;=IF.M4+ST.IF2-X48
862;=CT+CH.EP20-T1:X7;=CT+CH.EP1-T1:DATA_IN
863;=CT+CH.EP20-T1:X8;=CT.PN+CH.A21-X50
864;=CT+CH.EP30-T1:24V_IN;=CT+CH.EP10-K2:24V_OUT
865;=CT+CH.EP30-T1:24V_OUT;=CT+CH.EP20-T1:24V_IN
866;=CT+CH.EP30-T1:X1;=CT+CH.EP10-K3:DATA_OUT
867;=CT+CH.EP30-T1:X2;=PA1+30-A8:DATA_IN
868;=CT+CH.EP30-T1:X3;=PA0+30-A8:DATA_IN
869;=CT+CH.EP30-T1:X4;=PA0+30-X7
870;=CT+CH.EP30-T1:X5;=PA1+30-X1
871;=CT+CH.EP30-T1:X8;=CT+CH.EP20-T1:X1
872;=IL+SFR.PA0-H9;=CT+CH.EP10-K3:OUT0/OUT1
873;=MD.GA+CH.RP10-B1;=CT+CH.EP2-K1:IN0
874;=MD.GA+SFR.PA0-B251;=CT+CH.EP10-K2:IN3
875;=MD.GA+SFR.PA0-Y2;=CT+CH.EP10-K1:OUT3
876;=MD.GA+SFR.PA1-B10;=CT+CH.EP10-K2:IN0
877;=MD.GA+SFR.PA1-B11;=CT+CH.EP10-K2:IN1
878;=MD.GA+SFR.PA1-Y10;=CT+CH.EP10-K1:OUT1
879;=MD.GA+SFR.PA1-Y11;=CT+CH.EP10-K1:OUT2
880;=MD.PN+CH.RP02-B490;=CT+CH.EP2-K1:IN2
881;=MD.PN+SFR.PA0-B250;=CT+CH.EP10-K2:IN2
882;=MD.PN+SFR.PA0-Y6;=CT+CH.EP10-K1:OUT4
883;=MD.WT+SFR.PA0-B1:X1;=CT+CH.EP10-K1:IN1/IN2
884;=MD.WT+SFR.PA1-B2:X1;=CT+CH.EP10-K1:IN3/IN4
885;=MD.WT+SFR.PA2-B3:X1;=CT+CH.EP10-K1:IN5/IN6
886;=IL+CH.FR0-H1;=CT+CH.EP1-K13:IN0/IN1
887;=IL+CH.FR0-H2;=CT+CH.EP1-K13:IN2/IN3
888;=IL+CH.FR0-H3;=CT+CH.EP1-K13:IN4/IN5
889;=IL+CH.FR1-H10;=CT+CH.EP10-K3:OUT2/OUT3
890;=IL+CH.FR1-H7;=CT+CH.EP1-K14:IN4/IN5
891;=IL+CH.FR1-H8;=CT+CH.EP1-K14:IN6/IN7
892;=IL+CH.FR2-H11;=CT+CH.EP10-K3:OUT4/OUT5
893;=IL+CH.FR2-H4;=CT+CH.EP1-K13:IN6/IN7
894;=IL+CH.FR2-H5;=CT+CH.EP1-K14:IN0/IN1
895;=IL+CH.FR3-H6;=CT+CH.EP1-K14:IN2/IN3
896;=SY+CH.FR0-DS1;=CT+CH.EP1-K1:IN0/IN1
897;=SY+CH.FR0-DS10;=CT+CH.EP1-K5:IN6/IN7
898;=SY+CH.FR0-DS2;=CT+CH.EP1-K1:IN2/IN3
899;=SY+CH.FR0-DS3;=CT+CH.EP1-K1:IN4/IN5
900;=SY+CH.FR0-DS32.1;=CT+CH.EP1-K2:IN6/IN7
901;=SY+CH.FR0-DS32.2;=CT+CH.EP1-K3:IN0/IN1
902;=SY+CH.FR0-DS33.1;=CT+CH.EP1-K3:IN2/IN3
903;=SY+CH.FR0-DS33.2;=CT+CH.EP1-K3:IN4/IN5
904;=SY+CH.FR0-DS34.1;=CT+CH.EP1-K3:IN6/IN7
905;=SY+CH.FR0-DS34.2;=CT+CH.EP1-K4:IN0/IN1
906;=SY+CH.FR0-DS35.1;=CT+CH.EP1-K4:IN2/IN3
907;=SY+CH.FR0-DS35.2;=CT+CH.EP1-K4:IN4/IN5
908;=SY+CH.FR0-DS4;=CT+CH.EP1-K1:IN6/IN7
909;=SY+CH.FR0-DS5;=CT+CH.EP1-K2:IN0/IN1
910;=SY+CH.FR0-DS6.1;=CT+CH.EP1-K2:IN2/IN3
911;=SY+CH.FR0-DS6.2;=CT+CH.EP1-K2:IN4/IN5
912;=SY+CH.FR0-DS7;=CT+CH.EP1-K5:IN0/IN1
913;=SY+CH.FR0-DS8;=CT+CH.EP1-K5:IN2/IN3
914;=SY+CH.FR0-DS9;=CT+CH.EP1-K5:IN4/IN5
915;=SY+CH.FR0-PB1:X1;=SY.EMO+CH.EP2.1-K1:IN0/IN1
916;=SY+CH.FR0-PB2:X1;=SY.EMO+CH.EP2.1-K1:IN2/IN3
917;=SY+CH.FR0-PB3:X1;=SY.EMO+CH.EP2.1-K1:IN4/IN5
918;=SY+CH.FR1-DS24;=CT+CH.EP1-K10:IN0/IN1
919;=SY+CH.FR1-DS25;=CT+CH.EP1-K10:IN2/IN3
920;=SY+CH.FR1-DS26;=CT+CH.EP1-K10:IN4/IN5
921;=SY+CH.FR1-DS27;=CT+CH.EP1-K10:IN6/IN7
922;=SY+CH.FR1-DS28;=CT+CH.EP1-K11:IN0/IN1
923;=SY+CH.FR1-DS29;=CT+CH.EP1-K11:IN2/IN3
924;=SY+CH.FR1-DS30;=CT+CH.EP1-K11:IN4/IN5
925;=SY+CH.FR1-DS31;=CT+CH.EP1-K11:IN6/IN7
926;=SY+CH.FR1-PB8:X1;=SY.EMO+CH.EP2.1-K2:IN6/IN7
927;=SY+CH.FR1-PB9:X1;=SY.EMO+CH.EP2.1-K3:IN0/IN1
928;=SY+CH.FR2-DS11;=CT+CH.EP1-K6:IN0/IN1
929;=SY+CH.FR2-DS12;=CT+CH.EP1-K6:IN2/IN3
930;=SY+CH.FR2-DS13;=CT+CH.EP1-K6:IN4/IN5
931;=SY+CH.FR2-DS14;=CT+CH.EP1-K6:IN6/IN7
932;=SY+CH.FR2-DS15;=CT+CH.EP1-K7:IN0/IN1
933;=SY+CH.FR2-DS16;=CT+CH.EP1-K7:IN2/IN3
934;=SY+CH.FR2-DS17;=CT+CH.EP1-K7:IN4/IN5
935;=SY+CH.FR2-DS18;=CT+CH.EP1-K7:IN6/IN7
936;=SY+CH.FR2-PB4:X1;=SY.EMO+CH.EP2.1-K1:IN6/IN7
937;=SY+CH.FR2-PB5:X1;=SY.EMO+CH.EP2.1-K2:IN0/IN1
938;=SY+CH.FR3-DS19;=CT+CH.EP1-K8:IN0/IN1
939;=SY+CH.FR3-DS20;=CT+CH.EP1-K8:IN2/IN3
940;=SY+CH.FR3-DS21;=CT+CH.EP1-K8:IN4/IN5
941;=SY+CH.FR3-DS22;=CT+CH.EP1-K8:IN6/IN7
942;=SY+CH.FR3-DS23;=CT+CH.EP1-K9:IN0/IN1
943;=SY+CH.FR3-KS1.X1;=CT+CH.EP1-K9:IN2/IN3
944;=SY+CH.FR3-KS2.X2;=CT+CH.EP1-K9:IN4/IN5
945;=SY+CH.FR3-KS3.X3;=CT+CH.EP1-K9:IN6/IN7
946;=SY+CH.FR3-LT5.X5;=SY+CH.A1-X13
947;=SY+CH.FR3-PB6:X1;=SY.EMO+CH.EP2.1-K2:IN2/IN3
948;=SY+CH.FR3-PB7:X1;=SY.EMO+CH.EP2.1-K2:IN4/IN5
949;=SY+CH.RP01-LT1;=SY+CH.A1-X5
950;=SY+CH.RP02-B2;=SY+CH.A1-X2
951;=SY+CH.RP04-B4;=SY+CH.A1-X4
952;=SY+CH.RP07-B3;=SY+CH.A1-X3
953;=SY+CH.RP09-LT4;=SY+CH.A1-X8
954;=SY+CH.RP11-B1;=SY+CH.A1-X1
955;=UI+CH.FR1-A1;=CT+CH.B-X3
956;=UI+CH.FR1-A2;=CT+CH.B-X4
957;=PE+BTS.FR-X1;=PE+CH.RP10-PE_6
958;=PE+BTS.FR-X2;=PE+CH.D-X2
959;=PE+BTS.FR-X7;=PE+CH.A-X3
960;=PE+CH.DO01-X1;=PE+CH.FR0-X0.3
961;=PE+CH.DO02-X1;=PE+CH.FR0-X0.4
962;=PE+CH.DO03-X1;=PE+CH.FR0-X0.7
963;=PE+CH.DO04-X1;=PE+CH.FR0-X0.8
964;=PE+CH.DO05-X1;=PE+CH.FR0-X0.14
965;=PE+CH.DO06.1-X1;=PE+CH.FR0-X0.17
966;=PE+CH.DO06.2-X1;=PE+CH.FR0-X0.20
967;=PE+CH.DO07-X1;=PE+CH.FR0-X0.25
968;=PE+CH.DO08-X1;=PE+CH.FR0-X0.27
969;=PE+CH.DO09-X1;=PE+CH.FR0-X0.30
970;=PE+CH.DO10-X1;=PE+CH.FR0-X0.34
971;=PE+CH.DO11-X1;=PE+CH.FR2-X2.6
972;=PE+CH.DO12-X1;=PE+CH.FR2-X2.10
973;=PE+CH.DO13-X1;=PE+CH.FR2-X2.13
974;=PE+CH.DO13.1-X1;=PE+CH.FR2-X2.14
975;=PE+CH.DO14-X1;=PE+CH.FR2-X2.15
976;=PE+CH.DO15-X1;=PE+CH.FR2-X2.18
977;=PE+CH.DO16-X1;=PE+CH.FR2-X2.21
978;=PE+CH.DO16.1-X1;=PE+CH.FR2-X2.22
979;=PE+CH.DO17-X1;=PE+CH.FR2-X2.23
980;=PE+CH.DO18-X1;=PE+CH.FR2-X2.28
981;=PE+CH.DO19-X1;=PE+CH.FR3-X3.1
982;=PE+CH.DO20-X1;=PE+CH.FR3-X3.2
983;=PE+CH.DO21-X1;=PE+CH.FR3-X3.3
984;=PE+CH.DO22-X1;=PE+CH.FR3-X3.4
985;=PE+CH.DO23-X1;=PE+CH.FR3-X3.5
986;=PE+CH.DO24-X1;=PE+CH.FR1-X1.1
987;=PE+CH.DO25-X1;=PE+CH.FR1-X1.7
988;=PE+CH.DO26-X1;=PE+CH.FR1-X1.10
989;=PE+CH.DO26.1-X1;=PE+CH.FR1-X1.17
990;=PE+CH.DO27-X1;=PE+CH.FR1-X1.13
991;=PE+CH.DO28-X1;=PE+CH.FR1-X1.16
992;=PE+CH.DO29-X1;=PE+CH.FR1-X1.18
993;=PE+CH.DO29.1-X1;=PE+CH.FR1-X1.28
994;=PE+CH.DO30-X1;=PE+CH.FR1-X1.21
995;=PE+CH.DO31-X1;=PE+CH.FR1-X1.24
996;=PE+CH.DO32.1-X1;=PE+CH.FR0-X0.9
997;=PE+CH.DO32.2-X1;=PE+CH.FR0-X0.10
998;=PE+CH.DO33.1-X1;=PE+CH.FR0-X0.11
999;=PE+CH.DO33.2-X1;=PE+CH.FR0-X0.12
1000;=PE+CH.DO34.1-X1;=PE+CH.FR0-X0.37
1001;=PE+CH.DO34.2-X1;=PE+CH.FR0-X0.38
1002;=PE+CH.DO35.1-X1;=PE+CH.FR0-X0.39
1003;=PE+CH.DO35.2-X1;=PE+CH.FR0-X0.40
1004;=PE+CH.FR0-X0.1;=PE+CH.FR0-X0.2
1005;=PE+CH.FR0-X0.10;=PE+CH.DO32.2-X1
1006;=PE+CH.FR0-X0.11;=PE+CH.DO33.1-X1
1007;=PE+CH.FR0-X0.12;=PE+CH.DO33.2-X1
1008;=PE+CH.FR0-X0.13;=PE+SFR.PA0-X0.14
1009;=PE+CH.FR0-X0.14;=PE+CH.DO05-X1
1010;=PE+CH.FR0-X0.17;=PE+CH.DO06.1-X1
1011;=PE+CH.FR0-X0.18;=PE+CH.FR0-X0.19
1012;=PE+CH.FR0-X0.19;=PE+CH.FR0-X0.18
1013;=PE+CH.FR0-X0.2;=PE+CH.FR0-X0.1
1014;=PE+CH.FR0-X0.20;=PE+CH.DO06.2-X1
1015;=PE+CH.FR0-X0.21;=PE+CH.FR0-X0.22
1016;=PE+CH.FR0-X0.22;=PE+CH.FR0-X0.21
1017;=PE+CH.FR0-X0.23;=PE+CH.FR0-X0.24
1018;=PE+CH.FR0-X0.24;=PE+CH.FR0-X0.23
1019;=PE+CH.FR0-X0.25;=PE+CH.DO07-X1
1020;=PE+CH.FR0-X0.26;=PE+CH.RP12-X3
1021;=PE+CH.FR0-X0.27;=PE+CH.DO08-X1
1022;=PE+CH.FR0-X0.3;=PE+CH.DO01-X1
1023;=PE+CH.FR0-X0.30;=PE+CH.DO09-X1
1024;=PE+CH.FR0-X0.31;=PE+CH.RP10-X2
1025;=PE+CH.FR0-X0.32;=PE+CH.RP11-X1
1026;=PE+CH.FR0-X0.33;=PE+CH.RP10-PE_7
1027;=PE+CH.FR0-X0.34;=PE+CH.DO10-X1
1028;=PE+CH.FR0-X0.35;=PE+CH.FR0-X0.36
1029;=PE+CH.FR0-X0.36;=PE+CH.FR0-X0.35
1030;=PE+CH.FR0-X0.37;=PE+CH.DO34.1-X1
1031;=PE+CH.FR0-X0.38;=PE+CH.DO34.2-X1
1032;=PE+CH.FR0-X0.39;=PE+CH.DO35.1-X1
1033;=PE+CH.FR0-X0.4;=PE+CH.DO02-X1
1034;=PE+CH.FR0-X0.40;=PE+CH.DO35.2-X1
1035;=PE+CH.FR0-X0.41;=PE+SFR.PA0-X0.6
1036;=PE+CH.FR0-X0.42;=PE+SFR.PA0-X0.15
1037;=PE+CH.FR0-X0.7;=PE+CH.DO03-X1
1038;=PE+CH.FR0-X0.8;=PE+CH.DO04-X1
1039;=PE+CH.FR0-X0.9;=PE+CH.DO32.1-X1
1040;=PE+CH.FR1-X1.1;=PE+CH.DO24-X1
1041;=PE+CH.FR1-X1.10;=PE+CH.DO26-X1
1042;=PE+CH.FR1-X1.13;=PE+CH.DO27-X1
1043;=PE+CH.FR1-X1.14;=PE+CH.FR1-X1.15
1044;=PE+CH.FR1-X1.15;=PE+CH.FR1-X1.14
1045;=PE+CH.FR1-X1.16;=PE+CH.DO28-X1
1046;=PE+CH.FR1-X1.17;=PE+CH.DO26.1-X1
1047;=PE+CH.FR1-X1.18;=PE+CH.DO29-X1
1048;=PE+CH.FR1-X1.2;=PE+CH.FR1-X1.3
1049;=PE+CH.FR1-X1.21;=PE+CH.DO30-X1
1050;=PE+CH.FR1-X1.22;=PE+CH.RP01-X3
1051;=PE+CH.FR1-X1.23;=PE+CH.RP02-X2
1052;=PE+CH.FR1-X1.24;=PE+CH.DO31-X1
1053;=PE+CH.FR1-X1.25;=PE+CH.RP03-X4
1054;=PE+CH.FR1-X1.26;=PE+CH.FR1-X1.27
1055;=PE+CH.FR1-X1.27;=PE+CH.FR1-X1.26
1056;=PE+CH.FR1-X1.28;=PE+CH.DO29.1-X1
1057;=PE+CH.FR1-X1.29;=PE+CH.FR1-X1.30
1058;=PE+CH.FR1-X1.3;=PE+CH.FR1-X1.2
1059;=PE+CH.FR1-X1.30;=PE+CH.FR1-X1.29
1060;=PE+CH.FR1-X1.31;=PE+SFR.PA1-X1.2
1061;=PE+CH.FR1-X1.4;
1062;=PE+CH.FR1-X1.5;=PE+IF.DLBB-X5
1063;=PE+CH.FR1-X1.6;
1064;=PE+CH.FR1-X1.7;=PE+CH.DO25-X1
1065;=PE+CH.FR1-X1.8;=PE+SFR.PA1-X1.12
1066;=PE+CH.FR1-X1.9;=PE+CH.A1-X1
1067;=PE+CH.FR2-X2.1;=PE+CH.RP04-X1
1068;=PE+CH.FR2-X2.10;=PE+CH.DO12-X1
1069;=PE+CH.FR2-X2.13;=PE+CH.DO13-X1
1070;=PE+CH.FR2-X2.14;=PE+CH.DO13.1-X1
1071;=PE+CH.FR2-X2.15;=PE+CH.DO14-X1
1072;=PE+CH.FR2-X2.16;=PE+CH.FR2-X2.17
1073;=PE+CH.FR2-X2.17;=PE+CH.FR2-X2.16
1074;=PE+CH.FR2-X2.18;=PE+CH.DO15-X1
1075;=PE+CH.FR2-X2.2;=PE+CH.RP05-X1
1076;=PE+CH.FR2-X2.21;=PE+CH.DO16-X1
1077;=PE+CH.FR2-X2.22;=PE+CH.DO16.1-X1
1078;=PE+CH.FR2-X2.23;=PE+CH.DO17-X1
1079;=PE+CH.FR2-X2.24;=PE+CH.FR2-X2.25
1080;=PE+CH.FR2-X2.25;=PE+CH.FR2-X2.24
1081;=PE+CH.FR2-X2.26;=PE+CH.FR2-X2.27
1082;=PE+CH.FR2-X2.27;=PE+CH.FR2-X2.26
1083;=PE+CH.FR2-X2.28;=PE+CH.DO18-X1
1084;=PE+CH.FR2-X2.29;=PE+CH.L-X1
1085;=PE+CH.FR2-X2.3;=PE+CH.RP06-X1
1086;=PE+CH.FR2-X2.30;=PE+CH.L-X2
1087;=PE+CH.FR2-X2.31;=PE+SFR.PA2-X2.12
1088;=PE+CH.FR2-X2.32;=PE+CH.FR2-X2.33
1089;=PE+CH.FR2-X2.33;=PE+CH.FR2-X2.32
1090;=PE+CH.FR2-X2.34;=PE+SFR.PA2-X2.2
1091;=PE+CH.FR2-X2.4;=PE+CH.FR2-X2.5
1092;=PE+CH.FR2-X2.5;=PE+CH.FR2-X2.4
1093;=PE+CH.FR2-X2.6;=PE+CH.DO11-X1
1094;=PE+CH.FR2-X2.7;=PE+CH.RP07-X4
1095;=PE+CH.FR2-X2.8;=PE+CH.RP08-X1
1096;=PE+CH.FR2-X2.9;=PE+CH.RP09-X4
1097;=PE+CH.FR3-X3.1;=PE+CH.DO19-X1
1098;=PE+CH.FR3-X3.14;=PE+CH.FR3-X3.15
1099;=PE+CH.FR3-X3.15;=PE+CH.FR3-X3.14
1100;=PE+CH.FR3-X3.16;=PE+CH.FR3-X3.17
1101;=PE+CH.FR3-X3.17;=PE+CH.FR3-X3.16
1102;=PE+CH.FR3-X3.18;=PE+CH.FR3-X3.19
1103;=PE+CH.FR3-X3.19;=PE+CH.FR3-X3.18
1104;=PE+CH.FR3-X3.2;=PE+CH.DO20-X1
1105;=PE+CH.FR3-X3.20;=PE+CH.FR3-X3.21
1106;=PE+CH.FR3-X3.21;=PE+CH.FR3-X3.20
1107;=PE+CH.FR3-X3.22;=PE+CH.FR3-X3.23
1108;=PE+CH.FR3-X3.23;=PE+CH.FR3-X3.22
1109;=PE+CH.FR3-X3.24;=PE+CH.FR3-X3.25
1110;=PE+CH.FR3-X3.25;=PE+CH.FR3-X3.24
1111;=PE+CH.FR3-X3.3;=PE+CH.DO21-X1
1112;=PE+CH.FR3-X3.4;=PE+CH.DO22-X1
1113;=PE+CH.FR3-X3.5;=PE+CH.DO23-X1
1114;=PE+CH.RP01-X1;=PE+CH.B-X1
1115;=PE+CH.RP01-X2;=PE+CH.C-X1
1116;=PE+CH.RP01-X3;=PE+CH.FR1-X1.22
1117;=PE+CH.RP02-X1;=PE+CH.A-X1
1118;=PE+CH.RP02-X2;=PE+CH.FR1-X1.23
1119;=PE+CH.RP03-X1;=PE+CH.D-X1
1120;=PE+CH.RP03-X4;=PE+CH.FR1-X1.25
1121;=PE+CH.RP04-X1;=PE+CH.FR2-X2.1
1122;=PE+CH.RP05-X1;=PE+CH.FR2-X2.2
1123;=PE+CH.RP06-X1;=PE+CH.FR2-X2.3
1124;=PE+CH.RP06-X2;=PE+CH.RP06-X3
1125;=PE+CH.RP06-X3;=PE+CH.RP06-X2
1126;=PE+CH.RP07-X1;=PE+CH.G-X1
1127;=PE+CH.RP07-X2;=PE+CH.H-X1
1128;=PE+CH.RP07-X3;=PE+CH.M-X1
1129;=PE+CH.RP07-X4;=PE+CH.FR2-X2.7
1130;=PE+CH.RP08-X1;=PE+CH.FR2-X2.8
1131;=PE+CH.RP09-X1;=PE+CH.I-X1
1132;=PE+CH.RP09-X2;=PE+CH.J-X1
1133;=PE+CH.RP09-X3;=PE+CH.K-X1
1134;=PE+CH.RP09-X4;=PE+CH.FR2-X2.9
1135;=PE+CH.RP10-PE_1;=PE+CH.D1-X2
1136;=PE+CH.RP10-PE_2;=PE+CH.E-A4
1137;=PE+CH.RP10-PE_3;=PE+CH.A-A4
1138;=PE+CH.RP10-PE_4;=PE+CH.B-A4
1139;=PE+CH.RP10-PE_5;=PE+CH.I-A4
1140;=PE+CH.RP10-PE_6;=PE+BTS.FR-X1
1141;=PE+CH.RP10-PE_7;=PE+CH.FR0-X0.33
1142;=PE+CH.RP10-X1;=PE+CH.D1-X1
1143;=PE+CH.RP10-X2;=PE+CH.FR0-X0.31
1144;=PE+CH.RP10-X3;=PE+CH.RP10-X4
1145;=PE+CH.RP10-X4;=PE+CH.RP10-X3
1146;=PE+CH.RP11-X1;=PE+CH.FR0-X0.32
1147;=PE+CH.RP12-X1;=PE+CH.E-X1
1148;=PE+CH.RP12-X2;=PE+CH.F-X1
1149;=PE+CH.RP12-X3;=PE+CH.FR0-X0.26
1150;=PE+SFR.PA0-X0.1;=PE+CH.E-X3
1151;=PE+SFR.PA0-X0.14;=PE+CH.FR0-X0.13
1152;=PE+SFR.PA0-X0.2;=PE+SFR.PA0-X0.3
1153;=PE+SFR.PA0-X0.3;=PE+SFR.PA0-X0.2
1154;=PE+SFR.PA0-X0.4;=PE+SFR.PA0-X0.5
1155;=PE+SFR.PA0-X0.5;=PE+SFR.PA0-X0.4
1156;=PE+SFR.PA1-X1.1;=PE+CH.B-X2
1157;=PE+SFR.PA1-X1.12;=PE+CH.FR1-X1.8
1158;=PE+SFR.PA1-X1.3;=PE+SFR.PA1-X1.4
1159;=PE+SFR.PA1-X1.4;=PE+SFR.PA1-X1.3
1160;=PE+SFR.PA2-X2.1;=PE+CH.I-X2
1161;=PE+SFR.PA2-X2.12;=PE+CH.FR2-X2.31
1162;=PE+SFR.PA2-X2.3;=PE+SFR.PA2-X2.4
1163;=PE+SFR.PA2-X2.4;=PE+SFR.PA2-X2.3
1164;=PE+SFR.PA3-X3.1;=PE+SFR.PA3-X3.2
1165;=PE+SFR.PA3-X3.2;=PE+SFR.PA3-X3.1
1166;=PE+SFR.PA3-X3.3;=PE+SFR.PA3-X3.4
1167;=PE+SFR.PA3-X3.4;=PE+SFR.PA3-X3.3
1168;=CT+IF.DLBB-X3;=SY+CH.A1-X24
1169;=CT+IF.DLBB-X4;=CT+CH.A-X5
1170;=CT+IF.DLBB-X6;=CT+CH.B-X5
1171;=EP.CT+IF.DLBB-X1;=EP.CT+CH.A-X2
1172;=EP.CT+IF.DLBB-X2;=EP.CT+CH.A-X3
1173;=PE+IF.DLBB-X5;=PE+CH.FR1-X1.5
1174;=CT+HPDLMC-IF6.X1;=TSNI+CH.K-X10
1175;=CT+HPDLMC-IF6.X10;=PA0+30-X101
1176;=CT+HPDLMC-IF6.X11;=PA1+30-X101
1177;=CT+HPDLMC-IF6.X12;=PA2+30-X103
1178;=CT+HPDLMC-IF6.X13;=PA3+30-X103
1179;=CT+HPDLMC-IF6.X14;=CT+TRUC-IF1.X9
1180;=CT+HPDLMC-IF6.X15;=EP+HTCP-X100:A
1181;=CT+HPDLMC-IF6.X16;=CT+CH.B-X3
1182;=CT+HPDLMC-IF6.X17;=CT+CH.B-X4
1183;=CT+HPDLMC-IF6.X18;=CT+CH.E-X11
1184;=CT+HPDLMC-IF6.X2;=CT+TRUC-IF1.X3
1185;=CT+HPDLMC-IF6.X3;=SLRC-C3
1186;=CT+HPDLMC-IF6.X4;=CT+TRUC-IF1.X5
1187;=CT+HPDLMC-IF6.X5;=CT+CH.E-X2
1188;=CT+HPDLMC-IF7.X1;=BSFR+SUB RACK-A7
1189;=CT+HPDLMC-IF7.X2;=PA0+60-X1
1190;=CT+HPDLMC-IF7.X3;=PA1+60-X1
1191;=CT+HPDLMC-IF7.X4;=PA2+60-X1
1192;=CT+HPDLMC-IF7.X5;=PA3+60-X1
1193;=CT+HPDLMC-IF7.X6;=TSNI+CH.K-X20
1194;=EF+HPDLMC-IF3.X9;=EP+CH.E-X7
1195;=EP.CT+HPDLMC-IF1.X1;=EP+HTCP-X230
1196;=EP.CT+HPDLMC-IF1.X10;=ASP+CH.E-X1
1197;=EP.CT+HPDLMC-IF1.X2;=SLRC-A3
1198;=EP.CT+HPDLMC-IF1.X4;=IF+SLEC-D1
1199;=EP.CT+HPDLMC-IF1.X8;=SLRC-A1
1200;=EP.CT+HPDLMC-IF1.X9;=SLRC-A2
1201;=EP.CT+HPDLMC-IF2.X1;=ASML+CH.WLSU-B8
1202;=EP.CT+HPDLMC-IF4.X5;=EP.CT+CH.B-X2
1203;=EP.CT+HPDLMC-IF4.X6;=EP.CT+PBT.EP6-X2
1204;=EP.EC+HPDLMC-IF1.X3;=ASP+CH.K-X1
1205;=EP.SL+HPDLMC-IF1.X6;=IF+SLEC-D3
1206;=EP.WT+HPDLMC-IF1.X5;=EP.CO+CU.HxCu-1X1
1207;=EP.WT+HPDLMC-IF1.X7;=EP.CO+CU.HxAL-1X1
1208;=EP.WT+HPDLMC-IF3.X7;=EP.CO+CU.HxAL-3X1
1209;=EP.WT+HPDLMC-IF3.X8;=EP.CO+CU.HxCu-3X1
1210;=EP+HPDLMC-IF5.X1;=PE+CH.E-X2
1211;=EP+HPDLMC-IF5.X2;=PE+CU.HxAL-GND
1212;=EP+HPDLMC-IF5.X3;=PE+CU.HxCu-GND
1213;=EP+HPDLMC-IF5.X4;=SLRC-PE1
1214;=EP+HPDLMC-IF5.X5;=PE+CH.D1-X2
1215;=EP+HPDLMC-IF5.X6;=TSBR+CH.E-X610
1216;=SY.EMO+HPDLMC-IF3.X1;=PA0+22-X3
1217;=SY.EMO+HPDLMC-IF3.X2;=PA1+22-X2
1218;=SY.EMO+HPDLMC-IF3.X3;=PA2+22-X3
1219;=SY.EMO+HPDLMC-IF3.X4;=PA3+22-X2
1220;=SY.EMO+HPDLMC-IF3.X5;=SY.EMO+TRUC-IF1.X1
1221;=SY.EMO+HPDLMC-IF6.X7;=SY.EMO+TRUC-IF1.X7
1222;=SY.EMO+HPDLMC-IF6.X8;=CT+CH.H-X1
1223;=CT+HPDLMC-IF6.X6;=SLRC-A4
1224;=SY.EMO+HPDLMC-IF4.X4;=SLRC-A4
1225;=SY.EMO+HPDLMC-IF6.X9;=SLRC-A4
1226;=EP.CT+HPDLMC-IF3.X6;=EP.CT+CH.A-X2
1227;=EP.CT+HPDLMC-IF3.X6;=EP.CT+CH.A-X3
1228;=EP.CT+HPDLMC-IF4.X3;=EP.CT+CH.H-X2
1229;=EP.CT+HPDLMC-IF4.X3;=EP.CT+CH.H-X3
1230;=EP.CT+HPDLMC-IF4.X3;=EP.CT+CH.H-X4
1231;=EP.CT+HPDLMC-IF4.X3;=EP+CH.H-X5
1232;=EP.CT+HPDLMC-IF4.X2;=EP.CT+CH.E-X1
1233;=EP.CT+HPDLMC-IF4.X2;=EP.CT+CH.E-X5
1234;=EP.CT+HPDLMC-IF4.X2;=EP+CH.E-X3
1235;=EP.CT+HPDLMC-IF4.X2;=EP+CH.E-X6
1236;=EP.CT+HPDLMC-IF4.X1;=EP.CT+CH.D-X1
1237;=EP.CT+HPDLMC-IF4.X1;=EP.CT+CH.D-X2
1238;=EP.CT+HPDLMC-IF4.X1;=EP.CT+CH.D-X3
1239;=CT+CU.HxAL-4X1;=CT+CU.HxCu-4X2
1240;=CT+CU.HxAL-5X1;=CT+CU.HxCu-5X2
1241;=EP.CO+CU.HxAL-1X1;=EP.WT+HPDLMC-IF1.X7
1242;=EP.CO+CU.HxAL-3X1;=EP.WT+HPDLMC-IF3.X7
1243;=PE+CU.HxAL-GND;=EP+HPDLMC-IF5.X2
1244;=CT+CU.HxCu-4X1;=PA3+22-X2
1245;=CT+CU.HxCu-4X2;=CT+CU.HxAL-4X1
1246;=CT+CU.HxCu-5X1;=PA3+30-X71
1247;=CT+CU.HxCu-5X2;=CT+CU.HxAL-5X1
1248;=EP.CO+CU.HxCu-1X1;=EP.WT+HPDLMC-IF1.X5
1249;=EP.CO+CU.HxCu-3X1;=EP.WT+HPDLMC-IF3.X8
1250;=PE+CU.HxCu-GND;=EP+HPDLMC-IF5.X3
1251;=CO+CH.PA0-X1;=CT+CH.EP2-K2:OUT0/OUT1
1252;=PA0+19-MB1;=CH01+CH.F-X1
1253;=PA0+19-MB10;=CH01+CH.F-X10
1254;=PA0+19-MB11;=CH01+CH.F-X11
1255;=PA0+19-MB12;=CH01+CH.F-X12
1256;=PA0+19-MB13;=CH01+CH.F-X13
1257;=PA0+19-MB14;=CH01+CH.F-X14
1258;=PA0+19-MB15;=CH01+CH.F-X15
1259;=PA0+19-MB16;=CH01+CH.F-X16
1260;=PA0+19-MB2;=CH01+CH.F-X2
1261;=PA0+19-MB3;=CH01+CH.F-X3
1262;=PA0+19-MB4;=CH01+CH.F-X4
1263;=PA0+19-MB5;=CH01+CH.F-X5
1264;=PA0+19-MB6;=CH01+CH.F-X6
1265;=PA0+19-MB7;=CH01+CH.F-X7
1266;=PA0+19-MB8;=CH01+CH.F-X8
1267;=PA0+19-MB9;=CH01+CH.F-X9
1268;=PA0+19-X4.9;=PA0+19-X16.1
1269;=PA0+19-Z1:X1;=PA0+19-X19.2
1270;=PA0+30-A9:DATA_IN;=CT+CH.EP3-T1:X4
1271;=PA0+30-BES35.Power_IN;=PA0+19-X18.1
1272;=PA0+5-MTR1:X2;=PA0+5-X5
1273;=PA0+5-MTR1:X3.1;=PA0+5-A2:X3
1274;=PA0+5-MTR1:X4.1;=PA0+5-A2:X4
1275;=PA0+5-MTR1:X7;=PA0+5-A1:X20
1276;=PA0+5-MTR2:X2;=PA0+5-X6
1277;=PA0+5-MTR2:X3.1;=PA0+5-A4:X3
1278;=PA0+5-MTR2:X4.1;=PA0+5-A4:X4
1279;=PA0+5-MTR2:X7;=PA0+5-A3:X20
1280;=CO+CH.PA1-X1;=CT+CH.EP2-K2:OUT2/OUT3
1281;=PA1+19-MB1;=CH11+CH.C-X1
1282;=PA1+19-MB10;=CH11+CH.C-X10
1283;=PA1+19-MB11;=CH11+CH.C-X11
1284;=PA1+19-MB12;=CH11+CH.C-X12
1285;=PA1+19-MB13;=CH11+CH.C-X13
1286;=PA1+19-MB14;=CH11+CH.C-X14
1287;=PA1+19-MB15;=CH11+CH.C-X15
1288;=PA1+19-MB16;=CH11+CH.C-X16
1289;=PA1+19-MB2;=CH11+CH.C-X2
1290;=PA1+19-MB3;=CH11+CH.C-X03
1291;=PA1+19-MB4;=CH11+CH.C-X4
1292;=PA1+19-MB5;=CH11+CH.C-X5
1293;=PA1+19-MB6;=CH11+CH.C-X6
1294;=PA1+19-MB7;=CH11+CH.C-X7
1295;=PA1+19-MB8;=CH11+CH.C-X8
1296;=PA1+19-MB9;=CH11+CH.C-X9
1297;=PA1+19-X4.9;=PA1+19-X16.1
1298;=PA1+19-Z1:X1;=PA1+19-X19.2
1299;=PA1+30-A9:DATA_IN;=CT+CH.EP3-T1:X5
1300;=PA1+30-BES35.Power_IN;=PA1+19-X18.1
1301;=PA1+5-MTR:X3.1;=PA1+5-A2:X3
1302;=PA1+5-MTR1:X2;=PA1+5-X5
1303;=PA1+5-MTR1:X4.1;=PA1+5-A2:X4
1304;=PA1+5-MTR1:X4.1;=PA1+5-A2:X4
1305;=PA1+5-MTR1:X7;=PA1+5-A1:X20
1306;=PA1+5-MTR2;=PA1+5-X6
1307;=PA1+5-MTR2:X3.1;=PA1+5-A2:X3
1308;=PA1+5-MTR2:X7;=PA1+5-A3:X20
1309;+PA2-MB1;+RF21-X101
1310;+PA2-MB2;+RF21-X102
1311;+PA2-MB3;+RF22-X101
1312;+PA2-MB4;+RF22-X102
1313;=CO+CH.PA2-X1;=CT+CH.EP2-K2:OUT4/OUT5
1314;=PA2+19-X4.9;=PA2+19-X16.1
1315;=PA2+19-Z1:X1;=PA2+19-X19.2
1316;=PA2+30-A9:DATA_IN;=CT+CH.EP2-T1:X4
1317;=PA2+30-BES35.Power_IN;=PA2+19-X18.1
1318;=PA2+5-MTR1:X2;=PA2+5-X5
1319;=PA2+5-MTR1:X3.1;=PA2+5-A2:X3
1320;=PA2+5-MTR1:X4.1;=PA2+5-A2:X4
1321;=PA2+5-MTR1:X7;=PA2+5-A1:X7
1322;=PA2+5-MTR2:X2;=PA2+5-X6
1323;=PA2+5-MTR2:X3.1;=PA2+5-A4:X3
1324;=PA2+5-MTR2:X4.1;=PA2+5-A4:X4
1325;=PA2+5-MTR2:X7;=PA2+5-A3:X7
1326;+PA3-MB1;+RF31-X101
1327;+PA3-MB2;+RF31-X102
1328;+PA3-MB3;+RF32-X101
1329;+PA3-MB4;+RF32-X102
1330;=CO+CH.PA3-X1;=CT+CH.EP2-K2:OUT6/OUT7
1331;=PA3+19-X4.9;=PA3+19-X16.1
1332;=PA3+19-Z1:X1;=PA3+19-X19.2
1333;=PA3+30-A9:DATA_IN;=CT+CH.EP2-T1:X3
1334;=PA3+30-BES35.Power_IN;=PA3+19-X18.1
1335;=PA3+5-MTR1:X2;=PA3+5-X5
1336;=PA3+5-MTR1:X3.1;=PA3+5-A2:X3
1337;=PA3+5-MTR1:X4.1;=PA3+5-A2:X4
1338;=PA3+5-MTR1:X7;=PA3+5-A1:X7
1339;=PA3+5-MTR2:X2;=PA3+5-X6
1340;=PA3+5-MTR2:X3.1;=PA3+5-A4:X3
1341;=PA3+5-MTR2:X4.1;=PA3+5-A4:X4
1342;=PA3+5-MTR2:X7;=PA3+5-A3:X7
1343;=BS.AL+BG.PA0-B406:X1;=CT+CH.EP3.4-K2:IN0
1344;=BS.AL+BG.PA0-B407:X1;=CT+CH.EP3.4-K2:IN1
1345;=BS.MC+BG.PA0-B408:X1;=CT+CH.EP3.4-K2:IN2
1346;=BS.MC+BG.PA0-B409:X1;=CT+CH.EP3.4-K2:IN3
1347;=BS+BG.PA0-Y1;=CT+CH.EP3.5-K1:OUT1
1348;=CT.AC+BG.PA0-A200:X1;=CT+CH.EP3.5-K7:OUT2/OUT3
1349;=CT.AC+BG.PA0-A200:X5;=LF.PM+BG.PA0-T200:X8
1350;=IF.PM+CH.PA0-CAM1.X1;=EP.EC+CH.DO32-A3:X3
1351;=IF.PM+CH.PA0-CAM1.X2;=EP.EC+CH.DO32-A3:X2
1352;=LF.PM+BG.PA0-A201;=LF.PM+BG.PA0-T201:A1
1353;=LF.PM+BG.PA0-T200:X1;=CT.IF+CH.D1-X1
1354;=LF.PM+BG.PA0-T200:X2;=CT+CH.EP2-K10:1
1355;=LF.PM+BG.PA0-T200:X4;=LF.PM+BG.PA0-T201:A2
1356;=LF.PM+BG.PA0-T200:X7;=IF+CH.L-X100
1357;=LF.PM+BG.PA0-T200:X8;=CT.AC+BG.PA0-A200:X5
1358;=LF.PM+BG.PA0-T201:A1;=LF.PM+BG.PA0-A201
1359;=LF.PM+BG.PA0-T201:A2;=LF.PM+BG.PA0-T200:X4
1360;=SY.BS+BG.PA0-B400:X1;=CT+CH.EP3.4-K1:IN0/IN1
1361;=SY.BS+BG.PA0-B401:X1;=CT+CH.EP3.4-K1:IN2/IN3
1362;=SY.BS+BG.PA0-B402:X1;=CT+CH.EP3.4-K1:IN4/IN5
1363;=SY.BS+BG.PA0-B403:X1;=CT+CH.EP3.4-K1:IN6/IN7
1364;=SY.BS+BG.PA0-B404:X1;=CT+CH.EP3.4-K3:IN0/IN1
1365;=SY.BS+BG.PA0-B405:X1;=CT+CH.EP3.4-K3:IN2/IN3
1366;=SY.BS+BG.PA0-B487:X1;=CT+CH.EP3.5-K3:IN0/IN1
1367;=SY.BS+BG.PA0-B489:X1;=CT+CH.EP3.5-K4:IN0/IN1
1368;=SY.BS+BG.PA0-B490:X1;=CT+CH.EP3.5-K4:IN2/IN3
1369;=SY.BS+BG.PA0-B491:X1;=CT+CH.EP3.5-K5:IN0/IN1
1370;=SY.BS+BG.PA0-X1;=CT+CH.EP3.4-K3:IN4/IN5
1371;=SY.BS+BG.PA0-X2;=CT+CH.EP3.4-K3:IN6/IN7
1372;=SY+BG.PA0-B1:X1;=CT+CH.EP3.5-K1:IN1/IN2
1373;=SY+BG.PA0-B12:X1;=CT+CH.EP3.5-K1:IN7/IN8
1374;=SY+BG.PA0-B14:X1;=CT+CH.EP3.5-K2:IN0/IN1
1375;=SY+BG.PA0-B15;=CT+CH.EP3.5-K8:IN1
1376;=SY+BG.PA0-B16;=CT+CH.EP3.5-K8:IN2
1377;=SY+BG.PA0-B17;=CT+CH.EP3.5-K8:IN3
1378;=SY+BG.PA0-B2:X1;=CT+CH.EP3.5-K1:IN3/IN4
1379;=SY+BG.PA0-B25:X1;=CT+CH.EP3.5-K6:IN0/IN1
1380;=SY+BG.PA0-B26:X1;=CT+CH.EP3.5-K6:IN2/IN3
1381;=SY+BG.PA0-B270:X1;=CT+CH.EP3.5-K7:OUT0/OUT1
1382;=SY+BG.PA0-B3:X1;=CT+CH.EP3.5-K1:IN5/IN6
1383;=SY+BG.PA0-B51;=CT+CH.EP3.5-K9:IN1
1384;=BS.AL+BG.PA1-B434:X1;=CT+CH.EP3.7-K7:IN0
1385;=BS.AL+BG.PA1-B435:X1;=CT+CH.EP3.7-K7:IN1
1386;=BS.MC+BG.PA1-B428:X1;=CT+CH.EP3.7-K6:IN3
1387;=BS.MC+BG.PA1-B436:X1;=CT+CH.EP3.7-K7:IN2
1388;=BS.MC+BG.PA1-B437:X1;=CT+CH.EP3.7-K7:IN3
1389;=BS.PUM+BG.PA1-B424:X1;=CT+CH.EP3.7-K6:IN1
1390;=BS.PUM+BG.PA1-B425:X1;=CT+CH.EP3.7-K6:IN2
1391;=BS.PUM+BG.PA1-B426:X1;=CT+CH.EP3.7-K6:IN0
1392;=BS.PUM+BG.PA1-B427:X1;=CT+CH.EP3.7-K3:IN7
1393;=LF.PM+BG.PA0-T202:X2;=CT+CH.EP2-K10:2
1394;=LF.PM+BG.PA1-B1;=CT+CH.EP3.7-K9:IN1
1395;=LF.PM+BG.PA1-B200;=LF.PM+BG.PA1-T203:A1
1396;=LF.PM+BG.PA1-T202:X1;=CT.IF+CH.D1-X4
1397;=LF.PM+BG.PA1-T202:X4;=LF.PM+BG.PA1-T203:A2
1398;=LF.PM+BG.PA1-T202:X7;=IF+CH.L-X101
1399;=LF.PM+BG.PA1-T203:A1;=LF.PM+BG.PA1-B200
1400;=LF.PM+BG.PA1-T203:A2;=LF.PM+BG.PA1-T202:X4
1401;=LF.PM+CH.PA1-X1;=IF.PM+CH.A-X4
1402;=MD.PN+BG.PA1-T401:In1;=CT+CH.EP3.7-K9:DATA_OUT
1403;=MD.PN+BG.PA1-T401:X0;=CT+CH.EP3.7-K9:24V_OUT
1404;=SY.BS+BG.PA1-B416:X1;=CT+CH.EP3.7-K1:IN0/IN1
1405;=SY.BS+BG.PA1-B417:X1;=CT+CH.EP3.7-K1:IN2/IN3
1406;=SY.BS+BG.PA1-B418:X1;=CT+CH.EP3.7-K1:IN4/IN5
1407;=SY.BS+BG.PA1-B419:X1;=CT+CH.EP3.7-K1:IN6/IN7
1408;=SY.BS+BG.PA1-B420:X1;=CT+CH.EP3.7-K2:IN0/IN1
1409;=SY.BS+BG.PA1-B421:X1;=CT+CH.EP3.7-K2:IN2/IN3
1410;=SY.BS+BG.PA1-B422:X1;=CT+CH.EP3.7-K2:IN4/IN5
1411;=SY.BS+BG.PA1-B423:X1;=CT+CH.EP3.7-K2:IN6/IN7
1412;=SY.BS+BG.PA1-B429:X1;=CT+CH.EP3.7-K3:IN6/IN7
1413;=SY.BS+BG.PA1-B431:X1;=CT+CH.EP3.7-K3:IN0/IN1
1414;=SY.BS+BG.PA1-B432:X1;=CT+CH.EP3.7-K3:IN2/IN3
1415;=SY.BS+BG.PA1-B433:X1;=CT+CH.EP3.7-K3:IN4/IN5
1416;=SY.BS+BG.PA1-X1;=CT+CH.EP3.7-K5:IN0/IN1
1417;=SY.BS+BG.PA1-X2;=CT+CH.EP3.7-K5:IN2/IN3
1418;=SY+BG.PA1-B18;=CT+CH.EP3.7-K8:IN1
1419;=SY+BG.PA1-B19;=CT+CH.EP3.7-K8:IN2
1420;=SY+BG.PA1-B4:X1;=CT+CH.EP3.7-K4:IN0/IN1
1421;=SY+BG.PA1-B5:X1;=CT+CH.EP3.7-K4:IN2/IN3
1422;=SY+BG.PA1-B6:X1;=CT+CH.EP3.7-K4:IN4/IN5
1423;=SY+BG.PA1-B7:X1;=CT+CH.EP3.7-K4:IN6/IN7
1424;=SY+CH.BG-B20;=CT+CH.EP3.7-K8:IN3
1425;=SY+CH.BG-B21;=CT+CH.EP3.7-K8:IN4
1426;=BS.AL+BG.PA2-B463:X1;=CT+CH.EP2.5-K6:IN0
1427;=BS.AL+BG.PA2-B464:X1;=CT+CH.EP2.5-K6:IN1
1428;=BS.MC+BG.PA2-B458:X1;=CT+CH.EP2.5-K5:IN0
1429;=BS.MC+BG.PA2-B459:X1;=CT+CH.EP2.5-K5:IN1
1430;=BS.MC+BG.PA2-B465:X1;=CT+CH.EP2.5-K6:IN2
1431;=BS.MC+BG.PA2-B466:X1;=CT+CH.EP2.5-K6:IN3
1432;=BS.PUM+BG.PA2-B454:X1;=CT+CH.EP2.5-K5:IN3
1433;=BS.PUM+BG.PA2-B455:X1;=CT+CH.EP2.5-K5:IN4
1434;=BS.PUM+BG.PA2-B456:X1;=CT+CH.EP2.5-K5:IN2
1435;=BS.PUM+BG.PA2-B457:X1;=CT+CH.EP2.5-K5:IN5
1436;=LF.PM+BG.PA0-T204:X2;=CT+CH.EP2-K10:3
1437;=LF.PM+BG.PA2-B1;=CT+CH.EP2.5-K8:IN1
1438;=LF.PM+BG.PA2-B201;=LF.PM+BG.PA2-T205:A1
1439;=LF.PM+BG.PA2-T204:X1;=CT.IF+CH.K-X4
1440;=LF.PM+BG.PA2-T204:X4;=LF.PM+BG.PA2-T205:A2
1441;=LF.PM+BG.PA2-T204:X7;=IF+CH.L-X102
1442;=LF.PM+BG.PA2-T205:A1;=LF.PM+BG.PA2-B201
1443;=LF.PM+BG.PA2-T205:A2;=LF.PM+BG.PA2-T204:X4
1444;=LF.PM+CH.PA2-X2;=IF.PM+CH.K-X5
1445;=MD.PN+BG.PA2-T402:In1;=CT+CH.EP2.5-K8:Data_OUT
1446;=MD.PN+BG.PA2-T402:X0;=CT+CH.EP2.5-K8:24V_OUT
1447;=SY.BS+BG.PA2-B444:X1;=CT+CH.EP2.5-K1:IN0/IN1
1448;=SY.BS+BG.PA2-B445:X1;=CT+CH.EP2.5-K1:IN2/IN3
1449;=SY.BS+BG.PA2-B446:X1;=CT+CH.EP2.5-K1:IN4/IN5
1450;=SY.BS+BG.PA2-B447:X1;=CT+CH.EP2.5-K1:IN6/IN7
1451;=SY.BS+BG.PA2-B448:X1;=CT+CH.EP2.5-K2:IN0/IN1
1452;=SY.BS+BG.PA2-B449:X1;=CT+CH.EP2.5-K2:IN2/IN3
1453;=SY.BS+BG.PA2-B450:X1;=CT+CH.EP2.5-K2:IN4/IN5
1454;=SY.BS+BG.PA2-B451:X1;=CT+CH.EP2.5-K2:IN6/IN7
1455;=SY.BS+BG.PA2-B452:X1;=CT+CH.EP2.5-K3:IN2/IN3
1456;=SY.BS+BG.PA2-B460:X1;=CT+CH.EP2.5-K4:IN0/IN1
1457;=SY.BS+BG.PA2-B461:X1;=CT+CH.EP2.5-K4:IN2/IN3
1458;=SY.BS+BG.PA2-B462:X1;=CT+CH.EP2.5-K4:IN4/IN5
1459;=SY.BS+BG.PA2-X1;=CT+CH.EP2.5-K3:IN6/IN7
1460;=SY.BS+BG.PA2-X2;=CT+CH.EP2.5-K4:IN6/IN7
1461;=SY+BG.PA2-B22;=CT+CH.EP2.5-K7:IN1
1462;=SY+BG.PA2-B23;=CT+CH.EP2.5-K7:IN2
1463;=SY+BG.PA2-B8:X1;=CT+CH.EP2.5-K3:IN0/IN1
1464;=SY+BG.PA2-B9:X1;=CT+CH.EP2.5-K3:IN4/IN5
1465;=BS.PUM+BG.PA3-B478:X1;=CT+CH.EP2.4-K8:IN0
1466;=BS.PUM+BG.PA3-B479:X1;=CT+CH.EP2.4-K8:IN1
1467;=BS.PUM+BG.PA3-B480:X1;=CT+CH.EP2.4-K8:IN2
1468;=BS.PUM+BG.PA3-B481:X1;=CT+CH.EP2.4-K8:IN3
1469;=CT.AC+BG.PA3-A202:X1;=CT+CH.EP2.4-K10:OUT2/OUT3
1470;=CT.AC+BG.PA3-A202:X5;=LF.PM+BG.PA3-T206:X8
1471;=CT.AC+BG.PA3-A204:X1;=CT+CH.EP2.4-K10:OUT4/OUT5
1472;=CT.AC+BG.PA3-A204:X5;=LF.PM+BG.PA3-T208:X8
1473;=IF.PM+CH.PA3-CAM2.X1;=EP.EC+CH.DO32-A3:X6
1474;=IF.PM+CH.PA3-CAM2.X2;=EP.EC+CH.DO32-A3:X5
1475;=LF.PM+BG.PA0-T206:X2;=CT+CH.EP2-K10:4
1476;=LF.PM+BG.PA0-T208:X2;=CT+CH.EP2-K11:1
1477;=LF.PM+BG.PA3-A203;=LF.PM+BG.PA3-T207:A1
1478;=LF.PM+BG.PA3-A205;=LF.PM+BG.PA3-T209:A1
1479;=LF.PM+BG.PA3-B1;=CT+CH.EP2.4-K12:IN1
1480;=LF.PM+BG.PA3-B2;=CT+CH.EP2.4-K12:IN2
1481;=LF.PM+BG.PA3-B3;=CT+CH.EP2.4-K12:IN3
1482;=LF.PM+BG.PA3-T206:X1;=CT.IF+CH.D1-X2
1483;=LF.PM+BG.PA3-T206:X4;=LF.PM+BG.PA3-T207:A2
1484;=LF.PM+BG.PA3-T206:X7;=IF+CH.L-X103
1485;=LF.PM+BG.PA3-T206:X8;=CT.AC+BG.PA3-A202:X5
1486;=LF.PM+BG.PA3-T207:A1;=LF.PM+BG.PA3-A203
1487;=LF.PM+BG.PA3-T207:A2;=LF.PM+BG.PA3-T206:X4
1488;=LF.PM+BG.PA3-T208:X1;=CT.IF+CH.D1-X3
1489;=LF.PM+BG.PA3-T208:X4;=LF.PM+BG.PA3-T209:A2
1490;=LF.PM+BG.PA3-T208:X7;=IF+CH.L-X104
1491;=LF.PM+BG.PA3-T208:X8;=CT.AC+BG.PA3-A204:X5
1492;=LF.PM+BG.PA3-T209:A1;=LF.PM+BG.PA3-A205
1493;=LF.PM+BG.PA3-T209:A2;=LF.PM+BG.PA3-T208:X4
1494;=LF.PM+CH.PA3-X3;=IF.PM+CH.K-X6
1495;=LF+BG.PA3-Y3:X1;=CH+CH.EP2.4-K9:OUT0/OUT1
1496;=MD.PN+BG.PA3-T403:In1;=CT+CH.EP2.4-K12:Data_OUT
1497;=MD.PN+BG.PA3-T403:X0;=CT+CH.EP2.4-K12:24V_OUT
1498;=MD.WT+PA3.DO20-B1;=CT+CH.EP2.4-K8:IN6
1499;=MD.WT+PA3.DO20-B2;=CT+CH.EP2.4-K8:IN5
1500;=SY.BS+BG.PA3-B467:X1;=CT+CH.EP2.4-K3:IN0/IN1
1501;=SY.BS+BG.PA3-B468:X1;=CT+CH.EP2.4-K3:IN2/IN3
1502;=SY.BS+BG.PA3-B469:X1;=CT+CH.EP2.4-K3:IN4/IN5
1503;=SY.BS+BG.PA3-B470:X1;=CT+CH.EP2.4-K3:IN6/IN7
1504;=SY.BS+BG.PA3-B471:X1;=CT+CH.EP2.4-K4:IN0/IN1
1505;=SY.BS+BG.PA3-B472:X1;=CT+CH.EP2.4-K4:IN2/IN3
1506;=SY.BS+BG.PA3-B473:X1;=CT+CH.EP2.4-K4:IN4/IN5
1507;=SY.BS+BG.PA3-B474:X1;=CT+CH.EP2.4-K4:IN6/IN7
1508;=SY.BS+BG.PA3-B475:X1;=CT+CH.EP2.4-K5:IN0/IN1
1509;=SY.BS+BG.PA3-B482:X1;=CT+CH.EP2.4-K6:IN4/IN5
1510;=SY.BS+BG.PA3-B483:X1;=CT+CH.EP3.5-K6:IN6/IN7
1511;=SY.BS+BG.PA3-B484:X1;=CT+CH.EP3.5-K7:IN0/IN1
1512;=SY.BS+BG.PA3-B485:X1;=CT+CH.EP3.5-K7:IN2/IN3
1513;=SY.BS+BG.PA3-B486:X1;=CT+CH.EP3.5-K7:IN4/IN5
1514;=SY.BS+BG.PA3-X1;=CT+CH.EP2.4-K6:IN0/IN1
1515;=SY.BS+BG.PA3-X2;=CT+CH.EP2.4-K6:IN2/IN3
1516;=SY+BG.PA3-B10:X1;=CT+CH.EP2.4-K5:IN4/IN5
1517;=SY+BG.PA3-B11:X1;=CT+CH.EP2.4-K5:IN6/IN7
1518;=SY+BG.PA3-B24;=CT+CH.EP2.4-K11:IN1
1519;=SY+BG.PA3-B271:X1;=CT+CH.EP2.4-K10:OUT0/OUT1
1520;=SY+BG.PA3-B300:X1;=CT+CH.EP2.4-K2:IN4/IN5
1521;=SY+BG.PA3-B301:X1;=CT+CH.EP2.4-K2:IN6/IN7
1522;=SY+BG.PA3-B49:X1;=CT+CH.EP2.4-K8:IN4
1523;=SY+CH.BG-CBA_PA3:X1;=CT+CH.EP2.4-K5:IN2/IN3
1524;=BS+BG.SF01-B414:X1;=CT+CH.EP3-K2:IN2/IN3
1525;=BS+BG.SF01-B415:X1;=CT+CH.EP3-K2:IN0/IN1
1526;=SY.BS+BG.SF01-B410:X1;=CT+CH.EP3-K1:IN0/IN1
1527;=SY.BS+BG.SF01-B411:X1;=CT+CH.EP3-K1:IN2/IN3
1528;=SY.BS+BG.SF01-B412:X1;=CT+CH.EP3-K1:IN4/IN5
1529;=SY.BS+BG.SF01-B413:X1;=CT+CH.EP3-K1:IN6/IN7
1530;=BS+BG.SF12-B442:X1;=CT+CH.EP2.4-K2:IN0/IN1
1531;=BS+BG.SF12-B443:X1;=CT+CH.EP2.4-K2:IN2/IN3
1532;=SY.BS+BG.SF12-B438:X1;=CT+CH.EP2.4-K1:IN0/IN1
1533;=SY.BS+BG.SF12-B439:X1;=CT+CH.EP2.4-K1:IN2/IN3
1534;=SY.BS+BG.SF12-B440:X1;=CT+CH.EP2.4-K1:IN4/IN5
1535;=SY.BS+BG.SF12-B441:X1;=CT+CH.EP2.4-K1:IN6/IN7
1536;=PA0+17-MTR1;=PA0+17-X5
1537;=PA0+17-X1.1;=PA0+17-X1
1538;=PA0+17-XPE;=PA0+17-X2
1539;=PA0+30-A8:DATA_IN;=CT+CH.EP30-T1:X3
1540;=PA1+17-MTR1;=PA1+17-X5
1541;=PA1+17-X1.1;=PA1+17-X1
1542;=PA1+17-XPE;=PA1+17-X2
1543;=PA1+30-A8:DATA_IN;=CT+CH.EP30-T1:X2
1544;=PA2+17-MTR1;=PA2+17-X5
1545;=PA2+17-X1.1;=PA2+17-X1
1546;=PA2+17-XPE;=PA2+17-X2
1547;=PA2+30-A8:DATA_IN;=CT+CH.EP20-T1:X4
1548;=PA3+17-MTR1;=PA3+17-X5
1549;=PA3+17-X1.1;=PA3+17-X1
1550;=PA3+17-XPE;=PA3+17-X2
1551;=PA3+30-A8:DATA_IN;=CT+CH.EP20-T1:X5
1552;=PA0+17-X1;=PA0+17-X1.1
1553;=PA0+17-X2;=PA0+17-XPE
1554;=PA0+17-X5;=PA0+17-MTR1
1555;=PA0+19-X16.1;=PA0+19-X4.9
1556;=PA0+19-X18.1;=PA0+30-BES35.Power_IN
1557;=PA0+19-X5.2;=EP+CH.B-X1
1558;=PA0+30-X7;=CT+CH.EP30-T1:X4
1559;=PA0+5-A1:X20;=PA0+5-MTR1:X7
1560;=PA0+5-A1:X4;=PA0+5-MTR1:X7
1561;=PA0+5-A2:X3;=PA0+5-MTR1:X3.1
1562;=PA0+5-A2:X4;=PA0+5-MTR1:X4.1
1563;=PA0+5-A3:X20;=PA0+5-MTR2:X7
1564;=PA0+5-A3:X4;=PA0+5-MTR2:X7
1565;=PA0+5-A4:X3;=PA0+5-MTR2:X3.1
1566;=PA0+5-A4:X4;=PA0+5-MTR2:X4.1
1567;=PA0+5-MTR1:X7;=PA0+5-A1:X4
1568;=PA0+5-MTR2:X7;=PA0+5-A3:X4
1569;=PA0+5-X1;=PA0+19-X1
1570;=PA0+5-X5;=PA0+5-MTR1:X2
1571;=PA0+5-X6;=PA0+5-MTR2:X2
1572;=PA1+17-X1;=PA1+17-X1.1
1573;=PA1+17-X2;=PA1+17-XPE
1574;=PA1+17-X5;=PA1+17-MTR1
1575;=PA1+19-X16.1;=PA1+19-X4.9
1576;=PA1+19-X18.1;=PA1+30-BES35.Power_IN
1577;=PA1+19-X5.2;=EP+CH.A-X1
1578;=PA1+30-X1;=CT+CH.EP30-T1:X5
1579;=PA1+5-A1:X20;=PA1+5-MTR1:X7
1580;=PA1+5-A1:X4;=PA1+5-MTR1:X7
1581;=PA1+5-A2:X3;=PA1+5-MTR:X3.1
1582;=PA1+5-A2:X3;=PA1+5-MTR2:X3.1
1583;=PA1+5-A2:X4;=PA1+5-MTR1:X4.1
1584;=PA1+5-A2:X4;=PA1+5-MTR1:X4.1
1585;=PA1+5-A3:X20;=PA1+5-MTR2:X7
1586;=PA1+5-A3:X4;=PA1+5-MTR2:X7
1587;=PA1+5-MTR1:X7;=PA1+5-A1:X4
1588;=PA1+5-MTR2:X7;=PA1+5-A3:X4
1589;=PA1+5-X1;=PA1+19-X1
1590;=PA1+5-X5;=PA1+5-MTR1:X2
1591;=PA1+5-X6;=PA1+5-MTR2
1592;=PA2+17-X1;=PA2+17-X1.1
1593;=PA2+17-X2;=PA2+17-XPE
1594;=PA2+17-X5;=PA2+17-MTR1
1595;=PA2+19-X16.1;=PA2+19-X4.9
1596;=PA2+19-X18.1;=PA2+30-BES35.Power_IN
1597;=PA2+19-X5.2;=EP+CH.K-X1
1598;=PA2+30-X7;=CT+CH.EP20-T1:X2
1599;=PA2+5-A1:X5;=PA2+5-MTR1:X7
1600;=PA2+5-A1:X7;=PA2+5-MTR1:X7
1601;=PA2+5-A2:X3;=PA2+5-MTR1:X3.1
1602;=PA2+5-A2:X4;=PA2+5-MTR1:X4.1
1603;=PA2+5-A3:X5;=PA2+5-MTR2:X7
1604;=PA2+5-A3:X7;=PA2+5-MTR2:X7
1605;=PA2+5-A4:X3;=PA2+5-MTR2:X3.1
1606;=PA2+5-A4:X4;=PA2+5-MTR2:X4.1
1607;=PA2+5-MTR1:X7;=PA2+5-A1:X5
1608;=PA2+5-MTR2:X7;=PA2+5-A3:X5
1609;=PA2+5-X1;=PA2+19-X1
1610;=PA2+5-X5;=PA2+5-MTR1:X2
1611;=PA2+5-X6;=PA2+5-MTR2:X2
1612;=PA3+17-X1;=PA3+17-X1.1
1613;=PA3+17-X2;=PA3+17-XPE
1614;=PA3+17-X5;=PA3+17-MTR1
1615;=PA3+19-X16.1;=PA3+19-X4.9
1616;=PA3+19-X18.1;=PA3+30-BES35.Power_IN
1617;=PA3+19-X5.2;=EP+CH.I-X1
1618;=PA3+30-X7;=CT+CH.EP20-T1:X3
1619;=PA3+5-A1:X5;=PA3+5-MTR1:X7
1620;=PA3+5-A1:X7;=PA3+5-MTR1:X7
1621;=PA3+5-A2:X3;=PA3+5-MTR1:X3.1
1622;=PA3+5-A2:X4;=PA3+5-MTR1:X4.1
1623;=PA3+5-A3:X5;=PA3+5-MTR2:X7
1624;=PA3+5-A3:X7;=PA3+5-MTR2:X7
1625;=PA3+5-A4:X3;=PA3+5-MTR2:X3.1
1626;=PA3+5-A4:X4;=PA3+5-MTR2:X4.1
1627;=PA3+5-MTR1:X7;=PA3+5-A1:X5
1628;=PA3+5-MTR2:X7;=PA3+5-A3:X5
1629;=PA3+5-X1;=PA3+19-X1
1630;=PA3+5-X5;=PA3+5-MTR1:X2
1631;=PA3+5-X6;=PA3+5-MTR2:X2
1632;=IF+SLEC-B1;=IF+CH.E-X10
1633;=IF+SLEC-C1;=IF.M1C+ST.IF1-X17
1634;=IF+SLEC-C3;=IF.M1F+ST.IF1-X18
1635;=IF+SLEC-D1;=EP.CT+HPDLMC-IF1.X4
1636;=IF+SLEC-D3;=EP.SL+HPDLMC-IF1.X6
1637;=IF+SLEC-E1;=IF.M1C+ST.IF1-X19
1638;=IF+SLEC-E3;=IF.M1F+ST.IF1-X20
1639;=IF+SLEC-F1;=CT+CH.E-X2
1640;=IF+SLEC-F3;=CT+CH.E-X4
1641;=IF+SLEC-F4;=IF.M4+ST.IF2-X49
1642;=IF+SLEC-PE1;=PE+CH.E-X2
1643;=IF+SLEC-PE3;=IF.PE+ST.IF2-X42
1644;=IF+SLEC-G3;=IF.M1C+ST.IF1-X1
1645;=IF+SLEC-G3;=IF.M1C+ST.IF1-X2
1646;=IF+SLEC-G3;=IF.M1C+ST.IF1-X3
1647;=IF+SLEC-G3;=IF.M1C+ST.IF1-X4
1648;=IF+SLEC-G3;=IF.M1F+ST.IF1-X13
1649;=IF+SLEC-G3;=IF.M1F+ST.IF1-X14
1650;=IF+SLEC-G3;=IF.M1F+ST.IF1-X15
1651;=IF+SLEC-G3;=IF.M1F+ST.IF1-X16
1652;=IF+SLEC-A1;=IF1.M1F+ST.IF2-X37
1653;=IF+SLEC-A1;=IF.M1C+ST.IF2-X30
1654;=IF+SLEC-A1;=IF.M1C+ST.IF2-X31
1655;=IF+SLEC-A1;=IF.M1C+ST.IF2-X32
1656;=IF+SLEC-A1;=IF.M1F+ST.IF-X38
1657;=IF+SLEC-A1;=IF.M1F+ST.IF2-X36
1658;=IF+SLEC-A1;=IF.M3+ST.IF2-X80
1659;=IF+SLEC-A1;=IF.M3+ST.IF2-X81
1660;=IF+SLEC-A1;=IF.SIM+ST.IF2-X72
1661;=IF+SLEC-A1;=IF.SIM+ST.IF2-X73
1662;=IF+SLEC-A1;=IF.SIM+ST.IF2-X74
1663;=IF+SLEC-A3;=IF.M1C+ST.IF1-X5
1664;=IF+SLEC-A3;=IF.M1C+ST.IF1-X6
1665;=IF+SLEC-A3;=IF.M1C+ST.IF1-X7
1666;=IF+SLEC-A3;=IF.M1F+ST.IF1-X10
1667;=IF+SLEC-A3;=IF.M1F+ST.IF1-X8
1668;=IF+SLEC-A3;=IF.M1F+ST.IF1-X9
1669;=IF+SLEC-A3;=IF.M3+ST.IF1-X11
1670;=IF+SLEC-A3;=IF.M3+ST.IF1-X12
1671;=IF+SLEC-A3;=IF.SIM+ST.IF-X21
1672;=IF+SLEC-A3;=IF.SIM+ST.IF-X22
1673;=IF+SLEC-A3;=IF.SIM+ST.IF-X23
1674;=IF+SLEC-G1;=IF.M1C+ST.IF-X56
1675;=IF+SLEC-G1;=IF.M1F+ST.IF2-X59
1676;=IF+SLEC-G1;=IF.M4+ST.IF2-X51
1677;=IF+SLEC-G1;=IF.M4+ST.IF2-X52
1678;=IF+SLEC-G1;=IF.M4+ST.IF2-X53
1679;+HPSM-cover_HPSM;=PE+CH.A-X2
1680;=IF.M1C+ST.IF1-X17;=IF+SLEC-C1
1681;=IF.M1C+ST.IF1-X19;=IF+SLEC-E1
1682;=IF.M1C+ST.IF2-X45;=IF.M1C+CH.L-X45
1683;=IF.M1C+ST.IF2-X46;=IF.M1C+CH.L-X46
1684;=IF.M1F+ST.IF1-X18;=IF+SLEC-C3
1685;=IF.M1F+ST.IF1-X20;=IF+SLEC-E3
1686;=IF.M1F+ST.IF2-X57;=IF.M1F+CH.L-X57
1687;=IF.M1F+ST.IF2-X60;=IF.M1F+CH.L-X60
1688;=IF.M2+ST.IF2-X43;=MD+CH.K-X2
1689;=IF.M2+ST.IF2-X44;=CT+CH.K-X3
1690;=IF.M3+ST.IF2-X69;=IF.M3+CH.L-X69
1691;=IF.M3+ST.IF2-X70;=IF.M3+CH.L-X70
1692;=IF.M4+ST.IF2-X48;=CT+CH.EP20-T1:X6
1693;=IF.M4+ST.IF2-X49;=IF+SLEC-F4
1694;=IF.PE+ST.IF2-X42;=IF+SLEC-PE3
1695;=IF.SIM+ST.IF2-X71;=IF.SIM+CH.L-X71
1696;=IF.SIM+ST.IF2-X75;=IF.SIM+CH.L-X75
1697;=RF+LR-Q1:X3;=RF+CB-Q1:X3
1698;=IF.M1C+ST.IF2-X34;=SLRC-A5
1699;=IF.M1C+ST.IF2-X35;=SLRC-A5
1700;=IF.M1F+ST.IF2-X40;=SLRC-A5
1701;=IF.M1F+ST.IF2-X41;=SLRC-A5
1702;=IF.M3+ST.IF3-X82;=SLRC-A5
1703;=IF.M3+ST.IF3-X83;=SLRC-A5
1704;=IF.M3+ST.IF3-X84;=SLRC-A6
1705;=IF.M3+ST.IF3-X85;=SLRC-A6
1706;=IF.SIM+ST.IF2-X47;=SLRC-A6
1707;=IF.SIM+ST.IF2-X76;=SLRC-A6
1708;=IF.SIM+ST.IF3-X86;=SLRC-A6
1709;=IF.SIM+ST.IF3-X87;=SLRC-A6
1710;=IF.M1C+ST.IF2-X33;=IF+CH.K-X7
1711;=IF.M1F+ST.IF2-X39;=IF+CH.K-X7
1712;=IF.M1C+ST.IF1-X1;=IF+SLEC-G3
1713;=IF.M1C+ST.IF1-X2;=IF+SLEC-G3
1714;=IF.M1C+ST.IF1-X3;=IF+SLEC-G3
1715;=IF.M1C+ST.IF1-X4;=IF+SLEC-G3
1716;=IF.M1F+ST.IF1-X13;=IF+SLEC-G3
1717;=IF.M1F+ST.IF1-X14;=IF+SLEC-G3
1718;=IF.M1F+ST.IF1-X15;=IF+SLEC-G3
1719;=IF.M1F+ST.IF1-X16;=IF+SLEC-G3
1720;=IF1.M1F+ST.IF2-X37;=IF+SLEC-A1
1721;=IF.M1C+ST.IF2-X30;=IF+SLEC-A1
1722;=IF.M1C+ST.IF2-X31;=IF+SLEC-A1
1723;=IF.M1C+ST.IF2-X32;=IF+SLEC-A1
1724;=IF.M1F+ST.IF-X38;=IF+SLEC-A1
1725;=IF.M1F+ST.IF2-X36;=IF+SLEC-A1
1726;=IF.M3+ST.IF2-X80;=IF+SLEC-A1
1727;=IF.M3+ST.IF2-X81;=IF+SLEC-A1
1728;=IF.SIM+ST.IF2-X72;=IF+SLEC-A1
1729;=IF.SIM+ST.IF2-X73;=IF+SLEC-A1
1730;=IF.SIM+ST.IF2-X74;=IF+SLEC-A1
1731;=IF.M1C+ST.IF1-X5;=IF+SLEC-A3
1732;=IF.M1C+ST.IF1-X6;=IF+SLEC-A3
1733;=IF.M1C+ST.IF1-X7;=IF+SLEC-A3
1734;=IF.M1F+ST.IF1-X10;=IF+SLEC-A3
1735;=IF.M1F+ST.IF1-X8;=IF+SLEC-A3
1736;=IF.M1F+ST.IF1-X9;=IF+SLEC-A3
1737;=IF.M3+ST.IF1-X11;=IF+SLEC-A3
1738;=IF.M3+ST.IF1-X12;=IF+SLEC-A3
1739;=IF.SIM+ST.IF-X21;=IF+SLEC-A3
1740;=IF.SIM+ST.IF-X22;=IF+SLEC-A3
1741;=IF.SIM+ST.IF-X23;=IF+SLEC-A3
1742;=IF.M1C+ST.IF-X56;=IF+SLEC-G1
1743;=IF.M1F+ST.IF2-X59;=IF+SLEC-G1
1744;=IF.M4+ST.IF2-X51;=IF+SLEC-G1
1745;=IF.M4+ST.IF2-X52;=IF+SLEC-G1
1746;=IF.M4+ST.IF2-X53;=IF+SLEC-G1
1747;=CT+TRUC-IF1.X3;=CT+HPDLMC-IF6.X2
1748;=CT+TRUC-IF1.X4;=PA0+30-X80
1749;=CT+TRUC-IF1.X5;=CT+HPDLMC-IF6.X4
1750;=CT+TRUC-IF1.X6;=PA0+30-X70
1751;=CT+TRUC-IF1.X8;=PA0+22-X1
1752;=CT+TRUC-IF1.X9;=CT+HPDLMC-IF6.X14
1753;=EP+TRUC-IF1.X11;=PE+CH.A-X2
1754;=MD+TRUC-IF1.X10;=CT+CH.K-X3
1755;=MD+TRUC-IF1.X2;=MD+CH.K-X2
1756;=RF+CB-Q1:X3;=RF+LR-Q1:X3
1757;=SY.EMO+TRUC-IF1.X1;=SY.EMO+HPDLMC-IF3.X5
1758;=SY.EMO+TRUC-IF1.X7;=SY.EMO+HPDLMC-IF6.X7
1759;=EP+TRUC-IF1.X12;=TSBR+CH.E-X611